2019/05/01 12:00:00,2019/05/01 12:04:07,246,471,Grand St & Havemeyer St,40.71286844,-73.95698119,3093,N 6 St & Bedford Ave,40.71745169,-73.95850939,26015,Subscriber,1990,1,2145
2019/05/01 12:00:09,2019/05/01 12:08:24,494,2003,1 Ave & E 18 St,40.733812191966315,-73.98054420948029,496,E 16 St & 5 Ave,40.73726186,-73.99238967,28318,Subscriber,1976,1,2146
2019/05/01 12:00:27,2019/05/01 12:04:14,226,346,Bank St & Hudson St,40.73652889,-74.00618026,368,Carmine St & 6 Ave,40.73038599,-74.00214988,30443,Subscriber,1987,2,2147
2019/05/01 12:00:28,2019/05/01 12:07:41,432,3258,W 27 St & 10 Ave,40.75018156325683,-74.00218427181244,346,Bank St & Hudson St,40.73652889,-74.00618026,27204,Subscriber,1983,2,2148
2019/05/01 12:00:34,2019/05/01 12:03:37,183,3132,E 59 St & Madison Ave,40.76350532,-73.97109243,456,E 53 St & Madison Ave,40.7597108,-73.97402311,15775,Subscriber,1979,1,2149
2019/05/01 12:00:37,2019/05/01 12:11:02,624,526,E 33 St & 5 Ave,40.74765947,-73.98490707,545,E 23 St & 1 Ave,40.736502,-73.97809472,19535,Subscriber,1972,1,2150
2019/05/01 12:00:49,2019/05/01 12:16:04,914,268,Howard St & Centre St,40.71910537,-73.99973337,304,Broadway & Battery Pl,40.70463334,-74.01361706,28183,Subscriber,1988,2,2151
2019/05/01 12:00:54,2019/05/01 12:14:44,829,229,Great Jones St,40.72743423,-73.99379025,327,Vesey Pl & River Terrace,40.7153379,-74.01658354,31795,Subscriber,1986,1,2152
2019/05/01 12:01:07,2019/05/01 12:07:06,358,2003,1 Ave & E 18 St,40.733812191966315,-73.98054420948029,536,1 Ave & E 30 St,40.74144387,-73.97536082,34175,Subscriber,1988,1,2153
2019/05/01 12:01:08,2019/05/01 12:07:45,397,427,Bus Slip & State St,40.701907,-74.013942,327,Vesey Pl & River Terrace,40.7153379,-74.01658354,30287,Subscriber,1985,1,2154
2019/05/01 12:01:24,2019/05/01 12:06:55,330,522,E 51 St & Lexington Ave,40.75714758,-73.97207836,3235,E 41 St & Madison Ave,40.752165280621966,-73.97992193698882,30484,Subscriber,1993,2,2155
2019/05/01 12:01:57,2019/05/01 12:06:47,290,3119,Vernon Blvd & 50 Ave,40.74232744,-73.95411749,3125,45 Rd & 11 St,40.74708586,-73.94977234,30926,Subscriber,1972,1,2156
2019/05/01 12:02:23,2019/05/01 12:13:50,686,2003,1 Ave & E 18 St,40.733812191966315,-73.98054420948029,303,Mercer St & Spring St,40.72362738,-73.99949601,29932,Subscriber,1979,1,2157
2019/05/01 12:02:27,2019/05/01 12:10:20,473,161,LaGuardia Pl & W 3 St,40.72917025,-73.99810231,268,Howard St & Centre St,40.71910537,-73.99973337,34413,Subscriber,1990,1,2158
2019/05/01 12:02:40,2019/05/01 12:25:24,1364,3140,1 Ave & E 78 St,40.77140426,-73.9535166,422,W 59 St & 10 Ave,40.770513,-73.988038,35063,Subscriber,1956,2,2159
2019/05/01 12:03:25,2019/05/01 12:10:55,450,347,Greenwich St & W Houston St,40.728846,-74.008591,309,Murray St & West St,40.7149787,-74.013012,31487,Subscriber,1994,2,2160
2019/05/01 12:03:38,2019/05/01 12:14:00,622,2003,1 Ave & E 18 St,40.733812191966315,-73.98054420948029,161,LaGuardia Pl & W 3 St,40.72917025,-73.99810231,31195,Subscriber,1996,1,2161
2019/05/01 12:04:52,2019/05/01 12:21:32,1000,2003,1 Ave & E 18 St,40.733812191966315,-73.98054420948029,268,Howard St & Centre St,40.71910537,-73.99973337,25745,Subscriber,1973,1,2162
2019/05/01 12:05:08,2019/05/01 12:20:54,945,533,Broadway & W 38 St,40.75299641,-73.98721619,326,E 11 St & 1 Ave,40.72953837,-73.98426726,25163,Subscriber,1975,2,2163
2019/05/01 12:05:11,2019/05/01 12:16:58,706,3164,Columbus Ave & W 72 St,40.7770575,-73.97898475,3140,1 Ave & E 78 St,40.77140426,-73.9535166,24891,Subscriber,1978,1,2164
2019/05/01 12:05:15,2019/05/01 12:17:54,759,284,Greenwich Ave & 8 Ave,40.7390169121,-74.0026376103,410,Suffolk St & Stanton St,40.72066442,-73.98517977,27154,Subscriber,1991,1,2165
2019/05/01 12:05:22,2019/05/01 12:16:14,651,3293,W 92 St & Broadway,40.7921,-73.9739,3697,W 64 St & Thelonious Monk Circle,40.77515953434235,-73.98918695747852,29093,Subscriber,1987,1,2166
2019/05/01 12:05:59,2019/05/01 12:12:40,400,3749,Lexington Ave & E 36 St,40.747573958954796,-73.9788007736206,545,E 23 St & 1 Ave,40.736502,-73.97809472,33109,Subscriber,1981,2,2167
2019/05/01 12:06:09,2019/05/01 12:10:52,283,268,Howard St & Centre St,40.71910537,-73.99973337,146,Hudson St & Reade St,40.71625008,-74.0091059,33612,Subscriber,1973,1,2168
2019/05/01 12:06:50,2019/05/01 12:08:54,123,257,Lispenard St & Broadway,40.71939226,-74.00247214,320,Leonard St & Church St,40.717571,-74.005549,26337,Subscriber,1990,1,2169
2019/05/01 12:07:17,2019/05/01 12:21:17,840,309,Murray St & West St,40.7149787,-74.013012,531,Forsyth St & Broome St,40.71893904,-73.99266288,25002,Subscriber,1989,1,2170
2019/05/01 12:07:29,2019/05/01 12:11:39,250,327,Vesey Pl & River Terrace,40.7153379,-74.01658354,3664,North Moore St & Greenwich St,40.72019521437465,-74.0103006362915,34243,Subscriber,1981,1,2171
2019/05/01 12:07:36,2019/05/01 12:14:13,397,2003,1 Ave & E 18 St,40.733812191966315,-73.98054420948029,3708,W 13 St & 5 Ave,40.735445,-73.99431,27814,Subscriber,1991,2,2172
2019/05/01 12:08:21,2019/05/01 12:14:47,386,2003,1 Ave & E 18 St,40.733812191966315,-73.98054420948029,496,E 16 St & 5 Ave,40.73726186,-73.99238967,32420,Subscriber,1984,2,2173
2019/05/01 12:09:10,2019/05/01 12:18:30,560,3132,E 59 St & Madison Ave,40.76350532,-73.97109243,3235,E 41 St & Madison Ave,40.752165280621966,-73.97992193698882,19330,Subscriber,1963,1,2174
2019/05/01 12:09:10,2019/05/01 12:37:44,1714,257,Lispenard St & Broadway,40.71939226,-74.00247214,3166,Riverside Dr & W 72 St,40.78057799010334,-73.98562431335449,17228,Subscriber,1980,1,2175
2019/05/01 12:09:15,2019/05/01 12:17:45,510,327,Vesey Pl & River Terrace,40.7153379,-74.01658354,224,Spruce St & Nassau St,40.71146364,-74.00552427,19671,Subscriber,1946,1,2176
2019/05/01 12:09:33,2019/05/01 12:23:09,815,326,E 11 St & 1 Ave,40.72953837,-73.98426726,293,Lafayette St & E 8 St,40.73020660529954,-73.99102628231049,33340,Subscriber,1996,2,2177
2019/05/01 12:10:03,2019/05/01 12:18:24,500,545,E 23 St & 1 Ave,40.736502,-73.97809472,435,W 21 St & 6 Ave,40.74173969,-73.99415556,30595,Subscriber,1957,1,2178
2019/05/01 12:10:20,2019/05/01 12:17:59,459,3113,Greenpoint Ave & Manhattan Ave,40.73026,-73.95394,3119,Vernon Blvd & 50 Ave,40.74232744,-73.95411749,28566,Subscriber,1965,0,2179
2019/05/01 12:10:41,2019/05/01 12:16:13,331,3093,N 6 St & Bedford Ave,40.71745169,-73.95850939,460,S 4 St & Wythe Ave,40.71285887,-73.96590294,32326,Subscriber,1992,1,2180
2019/05/01 12:10:47,2019/05/01 12:34:45,1437,474,5 Ave & E 29 St,40.7451677,-73.98683077,3697,W 64 St & Thelonious Monk Circle,40.77515953434235,-73.98918695747852,33401,Subscriber,1972,2,2181
2019/05/01 12:10:50,2019/05/01 12:15:54,304,523,W 38 St & 8 Ave,40.75466591,-73.99138152,515,W 43 St & 10 Ave,40.76009437,-73.99461843,32351,Subscriber,1976,2,2182
2019/05/01 12:10:50,2019/05/01 12:16:09,319,3708,W 13 St & 5 Ave,40.735445,-73.99431,346,Bank St & Hudson St,40.73652889,-74.00618026,30554,Subscriber,1986,2,2183
2019/05/01 12:12:21,2019/05/01 12:30:22,1080,380,W 4 St & 7 Ave S,40.73401143,-74.00293877,410,Suffolk St & Stanton St,40.72066442,-73.98517977,30272,Subscriber,1969,0,2184
2019/05/01 12:12:32,2019/05/01 12:25:42,790,161,LaGuardia Pl & W 3 St,40.72917025,-73.99810231,545,E 23 St & 1 Ave,40.736502,-73.97809472,17543,Subscriber,1994,1,2185
2019/05/01 12:12:57,2019/05/01 12:16:49,232,328,Watts St & Greenwich St,40.72405549,-74.00965965,257,Lispenard St & Broadway,40.71939226,-74.00247214,34975,Subscriber,1980,1,2186
2019/05/01 12:12:57,2019/05/01 12:21:56,539,326,E 11 St & 1 Ave,40.72953837,-73.98426726,252,MacDougal St & Washington Sq,40.73226398,-73.99852205,27262,Subscriber,1998,1,2187
2019/05/01 12:13:03,2019/05/01 12:35:29,1346,150,E 2 St & Avenue C,40.7208736,-73.98085795,351,Front St & Maiden Ln,40.70530954,-74.00612572,27423,Subscriber,1983,2,2188
2019/05/01 12:13:04,2019/05/01 12:40:14,1629,3364,Carroll St & 5 Ave,40.6751622,-73.9814832,3365,3 St & 7 Ave,40.6703837,-73.97839676,33814,Subscriber,1958,1,2189
2019/05/01 12:13:22,2019/05/01 12:24:59,696,496,E 16 St & 5 Ave,40.73726186,-73.99238967,346,Bank St & Hudson St,40.73652889,-74.00618026,21289,Subscriber,1976,2,2190
2019/05/01 12:13:26,2019/05/01 12:24:20,654,2000,Front St & Washington St,40.70255088,-73.98940236,366,Clinton Ave & Myrtle Ave,40.693261,-73.968896,29020,Subscriber,1979,0,2191
2019/05/01 12:13:27,2019/05/01 12:27:18,830,3139,E 72 St & Park Ave,40.77118287540658,-73.96409422159195,3169,Riverside Dr & W 82 St,40.78720869,-73.98128127,35254,Subscriber,1954,1,2192
2019/05/01 12:14:04,2019/05/01 12:16:58,173,151,Cleveland Pl & Spring St,40.722103786686034,-73.99724900722504,257,Lispenard St & Broadway,40.71939226,-74.00247214,29062,Subscriber,1966,2,2193
2019/05/01 12:14:12,2019/05/01 12:36:41,1348,257,Lispenard St & Broadway,40.71939226,-74.00247214,405,Washington St & Gansevoort St,40.739323,-74.008119,28620,Customer,1982,1,2194
2019/05/01 12:14:16,2019/05/01 12:22:51,514,3697,W 64 St & Thelonious Monk Circle,40.77515953434235,-73.98918695747852,508,W 46 St & 11 Ave,40.76341379,-73.99667444,17754,Subscriber,1980,0,2195
2019/05/01 12:14:21,2019/05/01 12:36:43,1341,257,Lispenard St & Broadway,40.71939226,-74.00247214,405,Washington St & Gansevoort St,40.739323,-74.008119,16787,Customer,1969,0,2196
2019/05/01 12:14:30,2019/05/01 12:34:26,1195,3155,Lexington Ave & E 63 St,40.76440023,-73.96648977,515,W 43 St & 10 Ave,40.76009437,-73.99461843,27379,Subscriber,1972,1,2197
2019/05/01 12:14:49,2019/05/01 12:19:35,285,346,Bank St & Hudson St,40.73652889,-74.00618026,482,W 15 St & 7 Ave,40.73935542,-73.99931783,27204,Subscriber,1964,2,2198
2019/05/01 12:14:50,2019/05/01 12:18:57,247,265,Stanton St & Chrystie St,40.72229346,-73.99147535,326,E 11 St & 1 Ave,40.72953837,-73.98426726,34147,Subscriber,1985,1,2199
2019/05/01 12:15:06,2019/05/01 12:27:56,770,309,Murray St & West St,40.7149787,-74.013012,350,Clinton St & Grand St,40.71559509,-73.9870295,18254,Subscriber,1965,2,2200
2019/05/01 12:15:12,2019/05/01 12:21:07,354,168,W 18 St & 6 Ave,40.73971301,-73.99456405,2003,1 Ave & E 18 St,40.733812191966315,-73.98054420948029,35042,Subscriber,1983,1,2201
2019/05/01 12:15:23,2019/05/01 12:23:28,484,3132,E 59 St & Madison Ave,40.76350532,-73.97109243,3163,Central Park West & W 68 St,40.7734066,-73.97782542,28146,Subscriber,1990,1,2202
2019/05/01 12:15:27,2019/05/01 12:35:38,1210,327,Vesey Pl & River Terrace,40.7153379,-74.01658354,260,Broad St & Bridge St,40.70365182,-74.01167797,19659,Customer,1999,1,2203
2019/05/01 12:15:50,2019/05/01 12:21:28,337,3463,E 16 St & Irving Pl,40.735367055605394,-73.98797392845154,545,E 23 St & 1 Ave,40.736502,-73.97809472,34212,Subscriber,1993,1,2204
2019/05/01 12:16:29,2019/05/01 12:39:22,1372,327,Vesey Pl & River Terrace,40.7153379,-74.01658354,531,Forsyth St & Broome St,40.71893904,-73.99266288,34247,Subscriber,1959,2,2205
2019/05/01 12:16:36,2019/05/01 12:19:22,165,3016,Kent Ave & N 7 St,40.72036775298455,-73.96165072917938,3093,N 6 St & Bedford Ave,40.71745169,-73.95850939,33293,Subscriber,1977,1,2206
2019/05/01 12:16:55,2019/05/01 12:46:54,1799,260,Broad St & Bridge St,40.70365182,-74.01167797,3463,E 16 St & Irving Pl,40.735367055605394,-73.98797392845154,33265,Subscriber,1975,1,2207
2019/05/01 12:16:58,2019/05/01 12:22:44,346,3235,E 41 St & Madison Ave,40.752165280621966,-73.97992193698882,522,E 51 St & Lexington Ave,40.75714758,-73.97207836,30484,Subscriber,1993,2,2208
2019/05/01 12:17:34,2019/05/01 12:24:45,431,3169,Riverside Dr & W 82 St,40.78720869,-73.98128127,3226,W 82 St & Central Park West,40.78275,-73.97137,16231,Customer,1984,2,2209
2019/05/01 12:17:56,2019/05/01 12:25:29,453,2003,1 Ave & E 18 St,40.733812191966315,-73.98054420948029,476,E 31 St & 3 Ave,40.74394314,-73.97966069,32879,Subscriber,1989,2,2210
2019/05/01 12:17:58,2019/05/01 12:55:16,2238,481,S 3 St & Bedford Ave,40.71260486,-73.96264403,268,Howard St & Centre St,40.71910537,-73.99973337,34019,Subscriber,1981,1,2211
2019/05/01 12:18:00,2019/05/01 12:37:35,1174,3132,E 59 St & Madison Ave,40.76350532,-73.97109243,525,W 34 St & 11 Ave,40.75594159,-74.0021163,31955,Subscriber,1978,1,2212
2019/05/01 12:18:16,2019/05/01 12:25:13,417,161,LaGuardia Pl & W 3 St,40.72917025,-73.99810231,410,Suffolk St & Stanton St,40.72066442,-73.98517977,34023,Subscriber,1996,1,2213
2019/05/01 12:18:26,2019/05/01 12:33:14,887,2003,1 Ave & E 18 St,40.733812191966315,-73.98054420948029,385,E 55 St & 2 Ave,40.75797322,-73.96603308,21259,Subscriber,1967,1,2214
2019/05/01 12:19:11,2019/05/01 12:53:50,2078,545,E 23 St & 1 Ave,40.736502,-73.97809472,3137,5 Ave & E 73 St,40.77282817,-73.96685276,32690,Customer,1976,1,2215
2019/05/01 12:19:21,2019/05/01 12:24:02,281,327,Vesey Pl & River Terrace,40.7153379,-74.01658354,2008,Little West St & 1 Pl,40.70569254,-74.01677685,32029,Subscriber,1956,1,2216
2019/05/01 12:19:38,2019/05/01 12:27:33,474,432,E 7 St & Avenue A,40.72621788,-73.98379855,545,E 23 St & 1 Ave,40.736502,-73.97809472,18322,Subscriber,1965,1,2217
2019/05/01 12:20:22,2019/05/01 12:32:37,735,289,Monroe St & Classon Ave,40.6845683,-73.95881081,3440,Fulton St & Adams St,40.692418292578466,-73.98949474096298,28893,Subscriber,1985,2,2218
2019/05/01 12:20:37,2019/05/01 12:32:39,721,483,E 12 St & 3 Ave,40.73223272,-73.98889957,346,Bank St & Hudson St,40.73652889,-74.00618026,19831,Subscriber,1971,2,2219
2019/05/01 12:20:59,2019/05/01 12:25:47,287,3093,N 6 St & Bedford Ave,40.71745169,-73.95850939,3668,Leonard St & Nassau Ave,40.7239567849954,-73.94984364509583,25259,Subscriber,1990,2,2220
2019/05/01 12:21:08,2019/05/01 12:25:22,253,417,Barclay St & Church St,40.71291224,-74.01020234,257,Lispenard St & Broadway,40.71939226,-74.00247214,32636,Subscriber,1986,1,2221
2019/05/01 12:21:18,2019/05/01 12:29:09,471,268,Howard St & Centre St,40.71910537,-73.99973337,146,Hudson St & Reade St,40.71625008,-74.0091059,34413,Subscriber,1945,1,2222
2019/05/01 12:21:18,2019/05/01 14:15:01,6822,525,W 34 St & 11 Ave,40.75594159,-74.0021163,3472,W 15 St & 10 Ave,40.742753828659026,-74.00747358798981,30673,Customer,1963,2,2223
2019/05/01 12:21:19,2019/05/01 12:29:01,462,3283,W 89 St & Columbus Ave,40.7882213,-73.97041561,3169,Riverside Dr & W 82 St,40.78720869,-73.98128127,29008,Subscriber,1991,2,2224
2019/05/01 12:21:34,2019/05/01 12:26:10,275,3223,E 55 St & 3 Ave,40.758996559605116,-73.96865397691727,3132,E 59 St & Madison Ave,40.76350532,-73.97109243,33857,Subscriber,1961,1,2225
2019/05/01 12:22:07,2019/05/01 12:37:21,914,2003,1 Ave & E 18 St,40.733812191966315,-73.98054420948029,456,E 53 St & Madison Ave,40.7597108,-73.97402311,35042,Subscriber,1965,1,2226
2019/05/01 12:22:15,2019/05/01 12:26:04,229,3656,E 2 St & Avenue A,40.72307749068673,-73.98583620786667,326,E 11 St & 1 Ave,40.72953837,-73.98426726,32327,Subscriber,1975,1,2227
2019/05/01 12:22:30,2019/05/01 12:30:13,463,496,E 16 St & 5 Ave,40.73726186,-73.99238967,2003,1 Ave & E 18 St,40.733812191966315,-73.98054420948029,17508,Subscriber,1988,2,2228
2019/05/01 12:22:54,2019/05/01 12:32:57,603,3762,3 Ave & Carroll St,40.677027,-73.9865,3440,Fulton St & Adams St,40.692418292578466,-73.98949474096298,14857,Subscriber,1971,1,2229
2019/05/01 12:23:05,2019/05/01 12:35:30,745,3167,Amsterdam Ave & W 73 St,40.77966809007312,-73.98093044757842,3132,E 59 St & Madison Ave,40.76350532,-73.97109243,34998,Subscriber,1966,1,2230
2019/05/01 12:23:23,2019/05/01 12:27:30,246,164,E 47 St & 2 Ave,40.75323098,-73.97032517,522,E 51 St & Lexington Ave,40.75714758,-73.97207836,35328,Subscriber,1979,1,2231
2019/05/01 12:23:39,2019/05/01 12:25:26,106,410,Suffolk St & Stanton St,40.72066442,-73.98517977,410,Suffolk St & Stanton St,40.72066442,-73.98517977,27154,Subscriber,1970,2,2232
2019/05/01 12:23:43,2019/05/01 12:36:28,765,3440,Fulton St & Adams St,40.692418292578466,-73.98949474096298,387,Centre St & Chambers St,40.71273266,-74.0046073,31628,Subscriber,1985,1,2233
2019/05/01 12:24:32,2019/05/01 12:28:15,223,3544,Underhill Ave & Pacific St,40.6804836,-73.9646795,83,Atlantic Ave & Fort Greene Pl,40.68382604,-73.97632328,30523,Subscriber,1984,1,2234
2019/05/01 12:25:09,2019/05/01 12:31:56,406,335,Washington Pl & Broadway,40.72903917,-73.99404649,268,Howard St & Centre St,40.71910537,-73.99973337,19694,Subscriber,1997,1,2235
2019/05/01 12:25:51,2019/05/01 12:40:08,857,3425,2 Ave & E 104 St,40.7892105,-73.94370784,3140,1 Ave & E 78 St,40.77140426,-73.9535166,33665,Subscriber,1978,1,2236
2019/05/01 12:26:13,2019/05/01 12:28:02,108,515,W 43 St & 10 Ave,40.76009437,-73.99461843,479,9 Ave & W 45 St,40.76019252,-73.9912551,32351,Subscriber,1972,1,2237
2019/05/01 12:26:21,2019/05/01 12:41:41,920,223,W 13 St & 7 Ave,40.73781509,-73.99994661,346,Bank St & Hudson St,40.73652889,-74.00618026,18363,Subscriber,1988,1,2238
2019/05/01 12:26:51,2019/05/01 12:36:16,564,3132,E 59 St & Madison Ave,40.76350532,-73.97109243,519,Pershing Square North,40.751873,-73.977706,19795,Subscriber,1984,1,2239
2019/05/01 12:27:22,2019/05/01 12:57:03,1780,410,Suffolk St & Stanton St,40.72066442,-73.98517977,310,State St & Smith St,40.68926942,-73.98912867,34023,Subscriber,1970,2,2240
2019/05/01 12:27:31,2019/05/01 12:32:58,327,3093,N 6 St & Bedford Ave,40.71745169,-73.95850939,460,S 4 St & Wythe Ave,40.71285887,-73.96590294,35126,Subscriber,1970,1,2241
2019/05/01 12:27:42,2019/05/01 12:35:13,450,3440,Fulton St & Adams St,40.692418292578466,-73.98949474096298,3413,Wyckoff St & 3 Ave,40.6827549,-73.98258555,33085,Subscriber,1980,1,2242
2019/05/01 12:27:52,2019/05/01 12:41:40,828,3140,1 Ave & E 78 St,40.77140426,-73.9535166,456,E 53 St & Madison Ave,40.7597108,-73.97402311,33572,Subscriber,1974,1,2243
2019/05/01 12:27:57,2019/05/01 12:38:27,630,3002,South End Ave & Liberty St,40.711512,-74.015756,257,Lispenard St & Broadway,40.71939226,-74.00247214,30445,Subscriber,1960,1,2244
2019/05/01 12:28:16,2019/05/01 12:54:12,1555,327,Vesey Pl & River Terrace,40.7153379,-74.01658354,496,E 16 St & 5 Ave,40.73726186,-73.99238967,32717,Subscriber,1967,2,2245
2019/05/01 12:28:33,2019/05/01 12:31:46,192,297,E 15 St & 3 Ave,40.734232,-73.986923,2003,1 Ave & E 18 St,40.733812191966315,-73.98054420948029,35209,Subscriber,1996,2,2246
2019/05/01 12:28:41,2019/05/01 12:34:03,321,229,Great Jones St,40.72743423,-73.99379025,150,E 2 St & Avenue C,40.7208736,-73.98085795,26620,Subscriber,1995,1,2247
2019/05/01 12:28:46,2019/05/01 12:35:26,400,3668,Leonard St & Nassau Ave,40.7239567849954,-73.94984364509583,3093,N 6 St & Bedford Ave,40.71745169,-73.95850939,25259,Subscriber,1990,2,2248
2019/05/01 12:28:54,2019/05/01 12:33:44,290,497,E 17 St & Broadway,40.73704984,-73.99009296,2003,1 Ave & E 18 St,40.733812191966315,-73.98054420948029,19049,Subscriber,1964,1,2249
2019/05/01 12:29:00,2019/05/01 12:51:25,1344,3766,Sharon St & Olive St,40.715353,-73.93856,268,Howard St & Centre St,40.71910537,-73.99973337,28013,Subscriber,1967,1,2250
2019/05/01 12:29:50,2019/05/01 12:32:26,155,2002,Wythe Ave & Metropolitan Ave,40.716887,-73.963198,3093,N 6 St & Bedford Ave,40.71745169,-73.95850939,15657,Subscriber,1983,2,2251
2019/05/01 12:29:51,2019/05/01 12:35:38,347,359,E 47 St & Park Ave,40.75510267,-73.97498696,3132,E 59 St & Madison Ave,40.76350532,-73.97109243,29076,Subscriber,1990,2,2252
2019/05/01 12:30:06,2019/05/01 12:32:43,156,317,E 6 St & Avenue B,40.72453734,-73.98185424,410,Suffolk St & Stanton St,40.72066442,-73.98517977,34976,Subscriber,1984,1,2253
2019/05/01 12:31:02,2019/05/01 12:37:30,388,326,E 11 St & 1 Ave,40.72953837,-73.98426726,285,Broadway & E 14 St,40.73454567,-73.99074142,32327,Subscriber,1999,2,2254
2019/05/01 12:31:29,2019/05/01 12:38:18,408,257,Lispenard St & Broadway,40.71939226,-74.00247214,417,Barclay St & Church St,40.71291224,-74.01020234,28213,Subscriber,1992,1,2255
2019/05/01 12:31:36,2019/05/01 12:34:15,158,3140,1 Ave & E 78 St,40.77140426,-73.9535166,3725,2 Ave & E 72 St,40.7687620293096,-73.95840793848038,24891,Subscriber,1994,1,2256
2019/05/01 12:31:40,2019/05/01 12:38:49,429,3440,Fulton St & Adams St,40.692418292578466,-73.98949474096298,270,Adelphi St & Myrtle Ave,40.69308257,-73.97178913,31109,Subscriber,1975,2,2257
2019/05/01 12:31:43,2019/05/01 12:36:05,261,3707,Lexington Ave & E 26 St,40.741459,-73.983293,545,E 23 St & 1 Ave,40.736502,-73.97809472,34991,Subscriber,1983,1,2258
2019/05/01 12:31:46,2019/05/01 12:42:47,661,268,Howard St & Centre St,40.71910537,-73.99973337,497,E 17 St & Broadway,40.73704984,-73.99009296,33852,Subscriber,1970,1,2259
2019/05/01 12:31:51,2019/05/01 12:41:15,563,3132,E 59 St & Madison Ave,40.76350532,-73.97109243,3175,W 70 St & Amsterdam Ave,40.77748046,-73.98288594,24948,Subscriber,1976,1,2260
2019/05/01 12:32:20,2019/05/01 12:44:44,743,346,Bank St & Hudson St,40.73652889,-74.00618026,229,Great Jones St,40.72743423,-73.99379025,21289,Subscriber,1975,1,2261
2019/05/01 12:32:27,2019/05/01 12:40:08,460,3132,E 59 St & Madison Ave,40.76350532,-73.97109243,3680,E 43 St & 5 Ave,40.754120810779256,-73.98025184869766,16250,Subscriber,1994,1,2262
2019/05/01 12:33:16,2019/05/01 12:50:06,1010,3132,E 59 St & Madison Ave,40.76350532,-73.97109243,3140,1 Ave & E 78 St,40.77140426,-73.9535166,35175,Subscriber,1969,1,2263
2019/05/01 12:33:19,2019/05/01 12:37:00,221,354,Emerson Pl & Myrtle Ave,40.69363137,-73.96223558,366,Clinton Ave & Myrtle Ave,40.693261,-73.968896,31188,Subscriber,1969,1,2264
2019/05/01 12:33:51,2019/05/01 12:36:23,152,417,Barclay St & Church St,40.71291224,-74.01020234,309,Murray St & West St,40.7149787,-74.013012,29764,Subscriber,1960,1,2265
2019/05/01 12:34:24,2019/05/01 12:43:33,548,3256,Pier 40 - Hudson River Park,40.7277140777778,-74.01129573583603,268,Howard St & Centre St,40.71910537,-73.99973337,25200,Subscriber,1991,1,2266
2019/05/01 12:34:32,2019/05/01 12:50:25,952,311,Norfolk St & Broome St,40.7172274,-73.98802084,309,Murray St & West St,40.7149787,-74.013012,20825,Subscriber,1974,1,2267
2019/05/01 12:34:35,2019/05/01 12:44:34,599,522,E 51 St & Lexington Ave,40.75714758,-73.97207836,477,W 41 St & 8 Ave,40.75640548,-73.9900262,24969,Subscriber,1972,1,2268
2019/05/01 12:34:45,2019/05/01 12:37:33,167,487,E 20 St & FDR Drive,40.73314259,-73.97573881,545,E 23 St & 1 Ave,40.736502,-73.97809472,17249,Subscriber,1993,1,2269
2019/05/01 12:35:27,2019/05/01 12:45:30,603,150,E 2 St & Avenue C,40.7208736,-73.98085795,295,Pike St & E Broadway,40.71406667,-73.99293911,26620,Subscriber,1965,1,2270
2019/05/01 12:35:28,2019/05/01 12:53:34,1086,3658,W 18 St & 9 Ave,40.7435337324616,-74.00367558002472,327,Vesey Pl & River Terrace,40.7153379,-74.01658354,26543,Subscriber,1997,2,2271
2019/05/01 12:35:34,2019/05/01 12:41:14,340,520,W 52 St & 5 Ave,40.75992262,-73.97648516,3132,E 59 St & Madison Ave,40.76350532,-73.97109243,30122,Subscriber,1977,2,2272
2019/05/01 12:35:36,2019/05/01 12:44:46,550,522,E 51 St & Lexington Ave,40.75714758,-73.97207836,472,E 32 St & Park Ave,40.7457121,-73.98194829,35328,Customer,1972,1,2273
2019/05/01 12:36:00,2019/05/01 12:42:09,369,3131,E 68 St & 3 Ave,40.76712840349542,-73.96224617958069,3132,E 59 St & Madison Ave,40.76350532,-73.97109243,16705,Subscriber,1977,1,2274
2019/05/01 12:36:04,2019/05/01 12:43:45,460,346,Bank St & Hudson St,40.73652889,-74.00618026,3244,University Pl & E 8 St,40.73143724085228,-73.99490341544151,33978,Subscriber,1985,1,2275
2019/05/01 12:36:11,2019/05/01 12:56:54,1242,3175,W 70 St & Amsterdam Ave,40.77748046,-73.98288594,3697,W 64 St & Thelonious Monk Circle,40.77515953434235,-73.98918695747852,35206,Subscriber,1980,1,2276
2019/05/01 12:36:35,2019/05/01 12:54:55,1100,502,Henry St & Grand St,40.714215,-73.981346,545,E 23 St & 1 Ave,40.736502,-73.97809472,30427,Subscriber,1977,2,2277
2019/05/01 12:36:47,2019/05/01 12:44:45,477,2003,1 Ave & E 18 St,40.733812191966315,-73.98054420948029,402,Broadway & E 22 St,40.7403432,-73.98955109,35209,Subscriber,1980,2,2278
2019/05/01 12:37:42,2019/05/01 12:39:21,98,545,E 23 St & 1 Ave,40.736502,-73.97809472,174,E 25 St & 1 Ave,40.7381765,-73.97738662,17543,Subscriber,1964,1,2279
2019/05/01 12:37:46,2019/05/01 12:45:22,456,346,Bank St & Hudson St,40.73652889,-74.00618026,3658,W 18 St & 9 Ave,40.7435337324616,-74.00367558002472,30554,Subscriber,1959,1,2280
2019/05/01 12:37:59,2019/05/01 12:46:46,527,522,E 51 St & Lexington Ave,40.75714758,-73.97207836,3137,5 Ave & E 73 St,40.77282817,-73.96685276,33938,Subscriber,1983,1,2281
2019/05/01 12:38:15,2019/05/01 12:41:26,191,426,West St & Chambers St,40.71754834,-74.01322069,327,Vesey Pl & River Terrace,40.7153379,-74.01658354,25345,Subscriber,1968,1,2282
2019/05/01 12:38:16,2019/05/01 12:55:59,1063,528,2 Ave & E 31 St,40.74290902,-73.97706058,522,E 51 St & Lexington Ave,40.75714758,-73.97207836,30697,Subscriber,1995,2,2283
2019/05/01 12:38:28,2019/05/01 12:48:30,602,293,Lafayette St & E 8 St,40.73020660529954,-73.99102628231049,257,Lispenard St & Broadway,40.71939226,-74.00247214,29737,Subscriber,1974,1,2284
2019/05/01 12:38:30,2019/05/01 13:09:06,1835,529,W 42 St & 8 Ave,40.7575699,-73.99098507,515,W 43 St & 10 Ave,40.76009437,-73.99461843,32927,Subscriber,1985,2,2285
2019/05/01 12:38:41,2019/05/01 12:43:45,303,173,Broadway & W 49 St,40.76068327096592,-73.9845272898674,515,W 43 St & 10 Ave,40.76009437,-73.99461843,34937,Subscriber,1985,1,2286
2019/05/01 12:38:56,2019/05/01 12:46:35,458,229,Great Jones St,40.72743423,-73.99379025,150,E 2 St & Avenue C,40.7208736,-73.98085795,17420,Subscriber,1998,1,2287
2019/05/01 12:39:08,2019/05/01 12:55:15,966,3132,E 59 St & Madison Ave,40.76350532,-73.97109243,515,W 43 St & 10 Ave,40.76009437,-73.99461843,30223,Subscriber,1950,1,2288
2019/05/01 12:39:20,2019/05/01 12:52:33,792,474,5 Ave & E 29 St,40.7451677,-73.98683077,346,Bank St & Hudson St,40.73652889,-74.00618026,28872,Subscriber,1969,2,2289
2019/05/01 12:39:33,2019/05/01 12:48:42,549,257,Lispenard St & Broadway,40.71939226,-74.00247214,304,Broadway & Battery Pl,40.70463334,-74.01361706,32636,Subscriber,1970,1,2290
2019/05/01 12:40:06,2019/05/01 12:50:09,602,268,Howard St & Centre St,40.71910537,-73.99973337,347,Greenwich St & W Houston St,40.728846,-74.008591,33805,Subscriber,1968,2,2291
2019/05/01 12:40:42,2019/05/01 12:44:11,209,346,Bank St & Hudson St,40.73652889,-74.00618026,127,Barrow St & Hudson St,40.73172428,-74.00674436,21605,Subscriber,1978,1,2292
2019/05/01 12:40:43,2019/05/01 12:58:57,1093,497,E 17 St & Broadway,40.73704984,-73.99009296,268,Howard St & Centre St,40.71910537,-73.99973337,16870,Subscriber,1985,2,2293
2019/05/01 12:41:11,2019/05/01 12:53:12,720,2003,1 Ave & E 18 St,40.733812191966315,-73.98054420948029,3707,Lexington Ave & E 26 St,40.741459,-73.983293,17508,Subscriber,1968,1,2294
2019/05/01 12:41:24,2019/05/01 13:07:45,1580,545,E 23 St & 1 Ave,40.736502,-73.97809472,483,E 12 St & 3 Ave,40.73223272,-73.98889957,34212,Customer,1999,1,2295
2019/05/01 12:41:40,2019/05/01 12:44:43,183,3711,E 13 St & Avenue A,40.72966729392978,-73.98067966103554,326,E 11 St & 1 Ave,40.72953837,-73.98426726,19811,Subscriber,1952,1,2296
2019/05/01 12:41:45,2019/05/01 12:46:07,262,3440,Fulton St & Adams St,40.692418292578466,-73.98949474096298,2000,Front St & Washington St,40.70255088,-73.98940236,33149,Subscriber,1990,1,2297
2019/05/01 12:41:50,2019/05/01 12:49:39,468,545,E 23 St & 1 Ave,40.736502,-73.97809472,497,E 17 St & Broadway,40.73704984,-73.99009296,34991,Subscriber,1984,1,2298
2019/05/01 12:41:54,2019/05/01 12:46:27,273,3167,Amsterdam Ave & W 73 St,40.77966809007312,-73.98093044757842,3697,W 64 St & Thelonious Monk Circle,40.77515953434235,-73.98918695747852,21521,Subscriber,1983,1,2299
2019/05/01 12:42:05,2019/05/01 12:46:04,239,366,Clinton Ave & Myrtle Ave,40.693261,-73.968896,3648,Flushing Ave & Vanderbilt Ave,40.697950315695444,-73.97077560424805,31188,Subscriber,1980,1,2300
2019/05/01 12:43:15,2019/05/01 12:50:52,457,326,E 11 St & 1 Ave,40.72953837,-73.98426726,496,E 16 St & 5 Ave,40.73726186,-73.99238967,25163,Subscriber,1980,1,2301
2019/05/01 12:43:53,2019/05/01 12:48:53,300,346,Bank St & Hudson St,40.73652889,-74.00618026,470,W 20 St & 8 Ave,40.74345335,-74.00004031,19831,Subscriber,1967,1,2302
2019/05/01 12:44:05,2019/05/01 13:06:14,1329,3132,E 59 St & Madison Ave,40.76350532,-73.97109243,3137,5 Ave & E 73 St,40.77282817,-73.96685276,16339,Customer,1969,0,2303
2019/05/01 12:44:06,2019/05/01 12:59:33,927,410,Suffolk St & Stanton St,40.72066442,-73.98517977,402,Broadway & E 22 St,40.7403432,-73.98955109,27154,Subscriber,1991,2,2304
2019/05/01 12:44:08,2019/05/01 13:15:03,1855,3383,Cathedral Pkwy & Broadway,40.804213,-73.96699104,515,W 43 St & 10 Ave,40.76009437,-73.99461843,32214,Subscriber,1974,1,2305
2019/05/01 12:44:10,2019/05/01 13:04:45,1235,3155,Lexington Ave & E 63 St,40.76440023,-73.96648977,2003,1 Ave & E 18 St,40.733812191966315,-73.98054420948029,32231,Subscriber,1985,1,2306
2019/05/01 12:44:23,2019/05/01 12:50:11,347,285,Broadway & E 14 St,40.73454567,-73.99074142,2003,1 Ave & E 18 St,40.733812191966315,-73.98054420948029,31646,Subscriber,1996,1,2307
2019/05/01 12:44:23,2019/05/01 13:07:11,1368,3140,1 Ave & E 78 St,40.77140426,-73.9535166,3155,Lexington Ave & E 63 St,40.76440023,-73.96648977,33665,Subscriber,1992,1,2308
2019/05/01 12:44:27,2019/05/01 13:09:23,1495,410,Suffolk St & Stanton St,40.72066442,-73.98517977,522,E 51 St & Lexington Ave,40.75714758,-73.97207836,34976,Subscriber,1966,1,2309
2019/05/01 12:44:56,2019/05/01 12:51:20,384,312,Allen St & Stanton St,40.722055,-73.989111,2003,1 Ave & E 18 St,40.733812191966315,-73.98054420948029,30894,Subscriber,1993,1,2310
2019/05/01 12:44:57,2019/05/01 12:48:03,185,3648,Flushing Ave & Vanderbilt Ave,40.697950315695444,-73.97077560424805,366,Clinton Ave & Myrtle Ave,40.693261,-73.968896,31318,Subscriber,1985,1,2311
2019/05/01 12:45:00,2019/05/01 12:56:50,710,491,E 24 St & Park Ave S,40.74096374,-73.98602213,326,E 11 St & 1 Ave,40.72953837,-73.98426726,20057,Subscriber,1995,1,2312
2019/05/01 12:45:07,2019/05/01 12:47:01,114,309,Murray St & West St,40.7149787,-74.013012,3690,Park Pl & Church St,40.71334184275907,-74.00935515761375,31487,Subscriber,1992,1,2313
2019/05/01 12:45:11,2019/05/01 12:51:36,385,268,Howard St & Centre St,40.71910537,-73.99973337,224,Spruce St & Nassau St,40.71146364,-74.00552427,32250,Subscriber,1985,1,2314
2019/05/01 12:45:18,2019/05/01 13:07:01,1302,344,Monroe St & Bedford Ave,40.6851443,-73.95380904,366,Clinton Ave & Myrtle Ave,40.693261,-73.968896,33420,Subscriber,1984,1,2315
2019/05/01 12:45:47,2019/05/01 12:56:27,640,257,Lispenard St & Broadway,40.71939226,-74.00247214,223,W 13 St & 7 Ave,40.73781509,-73.99994661,34931,Subscriber,1989,1,2316
2019/05/01 12:46:07,2019/05/01 12:50:48,281,363,West Thames St,40.70834698,-74.01713445,309,Murray St & West St,40.7149787,-74.013012,35080,Subscriber,1985,1,2317
2019/05/01 12:46:12,2019/05/01 12:50:58,285,326,E 11 St & 1 Ave,40.72953837,-73.98426726,229,Great Jones St,40.72743423,-73.99379025,34147,Subscriber,1960,1,2318
2019/05/01 12:46:29,2019/05/01 12:53:17,407,3169,Riverside Dr & W 82 St,40.78720869,-73.98128127,3167,Amsterdam Ave & W 73 St,40.77966809007312,-73.98093044757842,29008,Subscriber,1991,2,2319
2019/05/01 12:46:34,2019/05/01 12:53:57,443,309,Murray St & West St,40.7149787,-74.013012,347,Greenwich St & W Houston St,40.728846,-74.008591,27738,Subscriber,1975,1,2320
2019/05/01 12:46:44,2019/05/01 12:51:26,281,3699,W 50 St & 9 Ave,40.763604677958625,-73.98917958140373,515,W 43 St & 10 Ave,40.76009437,-73.99461843,27754,Subscriber,1960,2,2321
2019/05/01 12:47:20,2019/05/01 12:51:48,268,3746,6 Ave & Broome St,40.724308321602166,-74.00473035871983,257,Lispenard St & Broadway,40.71939226,-74.00247214,30521,Subscriber,1983,1,2322
2019/05/01 12:47:23,2019/05/01 12:53:47,384,545,E 23 St & 1 Ave,40.736502,-73.97809472,518,E 39 St & 2 Ave,40.74780373,-73.9734419,33109,Subscriber,1956,1,2323
2019/05/01 12:47:41,2019/05/01 12:50:11,149,302,Avenue D & E 3 St,40.72082834,-73.97793172,410,Suffolk St & Stanton St,40.72066442,-73.98517977,35203,Subscriber,1974,1,2324
2019/05/01 12:47:44,2019/05/01 12:57:15,571,432,E 7 St & Avenue A,40.72621788,-73.98379855,545,E 23 St & 1 Ave,40.736502,-73.97809472,17450,Subscriber,1973,1,2325
2019/05/01 12:48:08,2019/05/01 12:54:45,396,260,Broad St & Bridge St,40.70365182,-74.01167797,360,William St & Pine St,40.70717936,-74.00887308,31073,Subscriber,1979,1,2326
2019/05/01 12:48:18,2019/05/01 13:03:12,894,366,Clinton Ave & Myrtle Ave,40.693261,-73.968896,321,Cadman Plaza E & Red Cross Pl,40.69991755,-73.98971773,31318,Subscriber,1979,0,2327
2019/05/01 12:48:22,2019/05/01 13:02:53,871,3132,E 59 St & Madison Ave,40.76350532,-73.97109243,3168,Central Park West & W 85 St,40.78472675,-73.96961715,34998,Subscriber,1966,1,2328
2019/05/01 12:48:25,2019/05/01 13:12:01,1416,339,Avenue D & E 12 St,40.72580614,-73.97422494,545,E 23 St & 1 Ave,40.736502,-73.97809472,21443,Customer,1977,2,2329
2019/05/01 12:48:25,2019/05/01 13:12:23,1437,339,Avenue D & E 12 St,40.72580614,-73.97422494,545,E 23 St & 1 Ave,40.736502,-73.97809472,16126,Subscriber,1973,1,2330
2019/05/01 12:48:28,2019/05/01 12:56:53,505,327,Vesey Pl & River Terrace,40.7153379,-74.01658354,358,Christopher St & Greenwich St,40.73291553,-74.00711384,31795,Subscriber,1951,1,2331
2019/05/01 12:48:43,2019/05/01 12:54:34,350,3697,W 64 St & Thelonious Monk Circle,40.77515953434235,-73.98918695747852,499,Broadway & W 60 St,40.76915505,-73.98191841,33401,Subscriber,1947,1,2332
2019/05/01 12:48:44,2019/05/01 12:52:03,199,3440,Fulton St & Adams St,40.692418292578466,-73.98949474096298,3402,Court St & State St,40.6902375,-73.99203074,19975,Subscriber,1990,1,2333
2019/05/01 12:48:46,2019/05/01 13:01:19,753,3132,E 59 St & Madison Ave,40.76350532,-73.97109243,3360,Amsterdam Ave & W 79 St,40.7829391,-73.9786517,30870,Subscriber,1953,1,2334
2019/05/01 12:48:53,2019/05/01 12:54:17,324,3082,Hope St & Union Ave,40.71167351,-73.95141312,3093,N 6 St & Bedford Ave,40.71745169,-73.95850939,32293,Subscriber,1955,2,2335
2019/05/01 12:49:01,2019/05/01 13:02:46,824,410,Suffolk St & Stanton St,40.72066442,-73.98517977,280,E 10 St & 5 Ave,40.73331967,-73.99510132,30272,Subscriber,1988,2,2336
2019/05/01 12:49:54,2019/05/01 12:55:35,340,2012,E 27 St & 1 Ave,40.739445,-73.976806,2003,1 Ave & E 18 St,40.733812191966315,-73.98054420948029,15829,Subscriber,1995,1,2337
2019/05/01 12:50:32,2019/05/01 13:02:05,692,168,W 18 St & 6 Ave,40.73971301,-73.99456405,346,Bank St & Hudson St,40.73652889,-74.00618026,29864,Subscriber,1990,2,2338
2019/05/01 12:50:36,2019/05/01 13:10:35,1198,3119,Vernon Blvd & 50 Ave,40.74232744,-73.95411749,3715,Driggs Ave & N 9 St,40.71816969454208,-73.95520135760307,32982,Subscriber,1985,2,2339
2019/05/01 12:50:42,2019/05/01 13:00:31,589,545,E 23 St & 1 Ave,40.736502,-73.97809472,472,E 32 St & Park Ave,40.7457121,-73.98194829,25676,Subscriber,1951,1,2340
2019/05/01 12:50:53,2019/05/01 13:14:22,1409,480,W 53 St & 10 Ave,40.76669671,-73.99061728,257,Lispenard St & Broadway,40.71939226,-74.00247214,25966,Subscriber,1985,1,2341
2019/05/01 12:50:58,2019/05/01 13:07:04,966,3365,3 St & 7 Ave,40.6703837,-73.97839676,3340,Wolcott St & Dwight St,40.6753274,-74.0100698,30007,Subscriber,1979,2,2342
2019/05/01 12:51:06,2019/05/01 12:57:15,369,493,W 45 St & 6 Ave,40.7568001,-73.98291153,522,E 51 St & Lexington Ave,40.75714758,-73.97207836,33937,Subscriber,1994,1,2343
2019/05/01 12:52:07,2019/05/01 12:59:35,448,446,W 24 St & 7 Ave,40.74487634,-73.99529885,3472,W 15 St & 10 Ave,40.742753828659026,-74.00747358798981,33699,Subscriber,1994,1,2344
2019/05/01 12:52:53,2019/05/01 13:02:21,567,445,E 10 St & Avenue A,40.72740794,-73.98142006,545,E 23 St & 1 Ave,40.736502,-73.97809472,33409,Subscriber,1990,1,2345
2019/05/01 12:53:05,2019/05/01 12:57:44,278,3416,7 Ave & Park Pl,40.6776147,-73.97324283,3365,3 St & 7 Ave,40.6703837,-73.97839676,18128,Subscriber,1963,1,2346
2019/05/01 12:53:06,2019/05/01 12:59:12,365,268,Howard St & Centre St,40.71910537,-73.99973337,293,Lafayette St & E 8 St,40.73020660529954,-73.99102628231049,33555,Subscriber,1997,1,2347
2019/05/01 12:53:06,2019/05/01 12:59:34,388,151,Cleveland Pl & Spring St,40.722103786686034,-73.99724900722504,257,Lispenard St & Broadway,40.71939226,-74.00247214,34267,Subscriber,1988,1,2348
2019/05/01 12:53:08,2019/05/01 13:00:13,424,3680,E 43 St & 5 Ave,40.754120810779256,-73.98025184869766,515,W 43 St & 10 Ave,40.76009437,-73.99461843,32737,Subscriber,1980,1,2349
2019/05/01 12:53:34,2019/05/01 13:09:50,975,503,E 20 St & Park Ave,40.73827428,-73.98751968,150,E 2 St & Avenue C,40.7208736,-73.98085795,29775,Subscriber,1995,2,2350
2019/05/01 12:53:46,2019/05/01 13:06:53,786,432,E 7 St & Avenue A,40.72621788,-73.98379855,346,Bank St & Hudson St,40.73652889,-74.00618026,26803,Subscriber,1960,0,2351
2019/05/01 12:53:50,2019/05/01 12:59:47,356,285,Broadway & E 14 St,40.73454567,-73.99074142,545,E 23 St & 1 Ave,40.736502,-73.97809472,32852,Subscriber,1995,1,2352
2019/05/01 12:54:02,2019/05/01 13:00:15,373,3093,N 6 St & Bedford Ave,40.71745169,-73.95850939,3096,Union Ave & N 12 St,40.71924,-73.95242,20602,Subscriber,1978,2,2353
2019/05/01 12:54:35,2019/05/01 12:58:52,256,79,Franklin St & W Broadway,40.71911552,-74.00666661,309,Murray St & West St,40.7149787,-74.013012,24824,Subscriber,1988,2,2354
2019/05/01 12:54:40,2019/05/01 12:58:19,218,2003,1 Ave & E 18 St,40.733812191966315,-73.98054420948029,507,E 25 St & 2 Ave,40.73912601,-73.97973776,31646,Subscriber,1984,1,2355
2019/05/01 12:54:44,2019/05/01 13:12:14,1049,536,1 Ave & E 30 St,40.74144387,-73.97536082,410,Suffolk St & Stanton St,40.72066442,-73.98517977,20797,Subscriber,1959,1,2356
2019/05/01 12:54:46,2019/05/01 13:08:32,825,257,Lispenard St & Broadway,40.71939226,-74.00247214,285,Broadway & E 14 St,40.73454567,-73.99074142,34975,Subscriber,1974,1,2357
2019/05/01 12:54:55,2019/05/01 12:59:30,275,3118,McGuinness Blvd & Eagle St,40.73555,-73.95284,3119,Vernon Blvd & 50 Ave,40.74232744,-73.95411749,30441,Subscriber,1986,1,2358
2019/05/01 12:55:22,2019/05/01 12:59:18,235,503,E 20 St & Park Ave,40.73827428,-73.98751968,545,E 23 St & 1 Ave,40.736502,-73.97809472,33661,Subscriber,1971,1,2359
2019/05/01 12:55:26,2019/05/01 13:06:03,637,545,E 23 St & 1 Ave,40.736502,-73.97809472,487,E 20 St & FDR Drive,40.73314259,-73.97573881,25779,Subscriber,1989,1,2360
2019/05/01 12:55:27,2019/05/01 13:31:33,2166,3140,1 Ave & E 78 St,40.77140426,-73.9535166,388,W 26 St & 10 Ave,40.749717753,-74.002950346,35175,Subscriber,1976,1,2361
2019/05/01 12:55:32,2019/05/01 13:06:47,674,3707,Lexington Ave & E 26 St,40.741459,-73.983293,150,E 2 St & Avenue C,40.7208736,-73.98085795,16864,Subscriber,1991,2,2362
2019/05/01 12:55:38,2019/05/01 13:11:06,928,3365,3 St & 7 Ave,40.6703837,-73.97839676,3478,2 Ave & 36 St - Citi Bike HQ at Industry City,40.65708866668485,-74.00870203971863,24886,Subscriber,1989,1,2363
2019/05/01 12:56:11,2019/05/01 13:02:33,381,257,Lispenard St & Broadway,40.71939226,-74.00247214,351,Front St & Maiden Ln,40.70530954,-74.00612572,30445,Subscriber,1993,1,2364
2019/05/01 12:56:41,2019/05/01 13:02:50,368,3472,W 15 St & 10 Ave,40.742753828659026,-74.00747358798981,346,Bank St & Hudson St,40.73652889,-74.00618026,31534,Subscriber,1959,1,2365
2019/05/01 12:56:56,2019/05/01 13:10:17,800,477,W 41 St & 8 Ave,40.75640548,-73.9900262,3697,W 64 St & Thelonious Monk Circle,40.77515953434235,-73.98918695747852,32514,Subscriber,1977,2,2366
2019/05/01 12:57:17,2019/05/01 13:06:07,529,3697,W 64 St & Thelonious Monk Circle,40.77515953434235,-73.98918695747852,3175,W 70 St & Amsterdam Ave,40.77748046,-73.98288594,35206,Subscriber,1980,1,2367
2019/05/01 12:57:17,2019/05/01 13:14:38,1040,405,Washington St & Gansevoort St,40.739323,-74.008119,346,Bank St & Hudson St,40.73652889,-74.00618026,20086,Customer,1969,0,2368
2019/05/01 12:57:38,2019/05/01 13:05:38,479,259,South St & Whitehall St,40.70122128,-74.01234218,327,Vesey Pl & River Terrace,40.7153379,-74.01658354,31999,Subscriber,1964,1,2369
2019/05/01 12:57:38,2019/05/01 13:06:29,531,369,Washington Pl & 6 Ave,40.73224119,-74.00026394,257,Lispenard St & Broadway,40.71939226,-74.00247214,35149,Subscriber,1985,1,2370
2019/05/01 12:57:45,2019/05/01 13:14:27,1001,405,Washington St & Gansevoort St,40.739323,-74.008119,346,Bank St & Hudson St,40.73652889,-74.00618026,31199,Customer,1969,0,2371
2019/05/01 12:58:12,2019/05/01 13:01:37,205,3648,Flushing Ave & Vanderbilt Ave,40.697950315695444,-73.97077560424805,366,Clinton Ave & Myrtle Ave,40.693261,-73.968896,34052,Subscriber,1987,1,2372
2019/05/01 12:58:15,2019/05/01 13:03:54,339,410,Suffolk St & Stanton St,40.72066442,-73.98517977,403,E 2 St & 2 Ave,40.72502876,-73.99069656,35203,Subscriber,1992,2,2373
2019/05/01 12:58:24,2019/05/01 13:03:10,286,293,Lafayette St & E 8 St,40.73020660529954,-73.99102628231049,326,E 11 St & 1 Ave,40.72953837,-73.98426726,31337,Subscriber,1979,1,2374
2019/05/01 12:58:42,2019/05/01 13:05:21,398,268,Howard St & Centre St,40.71910537,-73.99973337,3263,Cooper Square & Astor Pl,40.72951496224949,-73.99075269699097,30753,Subscriber,1982,1,2375
2019/05/01 12:59:29,2019/05/01 13:07:14,465,161,LaGuardia Pl & W 3 St,40.72917025,-73.99810231,2003,1 Ave & E 18 St,40.733812191966315,-73.98054420948029,27737,Subscriber,1993,1,2376
