2019/05/01 13:00:23,2019/05/01 13:04:41,257,522,E 51 St & Lexington Ave,40.75714758,-73.97207836,3443,W 52 St & 6 Ave,40.76132983124814,-73.97982001304626,33937,Subscriber,1994,1,2377
2019/05/01 13:00:34,2019/05/01 13:04:45,251,487,E 20 St & FDR Drive,40.73314259,-73.97573881,545,E 23 St & 1 Ave,40.736502,-73.97809472,33116,Subscriber,1993,2,2378
2019/05/01 13:00:35,2019/05/01 13:05:08,273,3119,Vernon Blvd & 50 Ave,40.74232744,-73.95411749,3126,44 Dr & Jackson Ave,40.74718234,-73.9432635,33767,Subscriber,1989,1,2379
2019/05/01 13:00:44,2019/05/01 13:11:33,648,257,Lispenard St & Broadway,40.71939226,-74.00247214,410,Suffolk St & Stanton St,40.72066442,-73.98517977,34267,Subscriber,1988,1,2380
2019/05/01 13:01:09,2019/05/01 13:18:30,1041,3697,W 64 St & Thelonious Monk Circle,40.77515953434235,-73.98918695747852,519,Pershing Square North,40.751873,-73.977706,29093,Subscriber,1985,1,2381
2019/05/01 13:01:40,2019/05/01 13:19:41,1080,327,Vesey Pl & River Terrace,40.7153379,-74.01658354,470,W 20 St & 8 Ave,40.74345335,-74.00004031,26543,Subscriber,1997,2,2382
2019/05/01 13:01:43,2019/05/01 13:09:32,468,150,E 2 St & Avenue C,40.7208736,-73.98085795,229,Great Jones St,40.72743423,-73.99379025,17420,Subscriber,1966,2,2383
2019/05/01 13:02:20,2019/05/01 13:20:14,1074,268,Howard St & Centre St,40.71910537,-73.99973337,3002,South End Ave & Liberty St,40.711512,-74.015756,34019,Customer,1989,1,2384
2019/05/01 13:02:22,2019/05/01 13:15:08,766,2003,1 Ave & E 18 St,40.733812191966315,-73.98054420948029,285,Broadway & E 14 St,40.73454567,-73.99074142,15829,Subscriber,1993,2,2385
2019/05/01 13:03:06,2019/05/01 13:06:40,214,522,E 51 St & Lexington Ave,40.75714758,-73.97207836,3457,E 58 St & Madison Ave,40.76302594280519,-73.97209525108337,32569,Subscriber,1995,1,2386
2019/05/01 13:03:17,2019/05/01 13:32:14,1736,3258,W 27 St & 10 Ave,40.75018156325683,-74.00218427181244,268,Howard St & Centre St,40.71910537,-73.99973337,33863,Subscriber,1987,1,2387
2019/05/01 13:03:21,2019/05/01 13:07:44,263,346,Bank St & Hudson St,40.73652889,-74.00618026,453,W 22 St & 8 Ave,40.74475148,-73.99915362,29864,Subscriber,1964,1,2388
2019/05/01 13:03:31,2019/05/01 13:09:39,367,528,2 Ave & E 31 St,40.74290902,-73.97706058,545,E 23 St & 1 Ave,40.736502,-73.97809472,34205,Subscriber,1971,1,2389
2019/05/01 13:03:39,2019/05/01 13:07:03,204,515,W 43 St & 10 Ave,40.76009437,-73.99461843,523,W 38 St & 8 Ave,40.75466591,-73.99138152,27379,Subscriber,1982,1,2390
2019/05/01 13:03:46,2019/05/01 13:09:02,316,268,Howard St & Centre St,40.71910537,-73.99973337,3427,Lafayette St & Jersey St,40.72430527250332,-73.99600982666016,16325,Subscriber,1983,1,2391
2019/05/01 13:03:47,2019/05/01 13:21:55,1087,268,Howard St & Centre St,40.71910537,-73.99973337,268,Howard St & Centre St,40.71910537,-73.99973337,29978,Customer,1988,0,2392
2019/05/01 13:03:54,2019/05/01 13:15:24,689,3458,W 55 St & 6 Ave,40.76309387270797,-73.9783501625061,3697,W 64 St & Thelonious Monk Circle,40.77515953434235,-73.98918695747852,25802,Subscriber,1966,2,2393
2019/05/01 13:04:05,2019/05/01 13:11:26,440,366,Clinton Ave & Myrtle Ave,40.693261,-73.968896,324,DeKalb Ave & Hudson Ave,40.689888,-73.981013,34052,Subscriber,1985,2,2394
2019/05/01 13:04:26,2019/05/01 13:16:49,742,195,Liberty St & Broadway,40.70905623,-74.01043382,309,Murray St & West St,40.7149787,-74.013012,20638,Subscriber,1990,2,2395
2019/05/01 13:07:03,2019/05/01 13:09:58,174,341,Stanton St & Mangin St,40.71782143,-73.97628939,150,E 2 St & Avenue C,40.7208736,-73.98085795,14869,Subscriber,1935,0,2396
2019/05/01 13:07:27,2019/05/01 13:08:42,74,2003,1 Ave & E 18 St,40.733812191966315,-73.98054420948029,545,E 23 St & 1 Ave,40.736502,-73.97809472,27737,Subscriber,1993,1,2397
2019/05/01 13:07:50,2019/05/01 13:23:48,957,3697,W 64 St & Thelonious Monk Circle,40.77515953434235,-73.98918695747852,523,W 38 St & 8 Ave,40.75466591,-73.99138152,21521,Subscriber,1971,1,2398
2019/05/01 13:08:01,2019/05/01 13:20:46,765,2003,1 Ave & E 18 St,40.733812191966315,-73.98054420948029,454,E 51 St & 1 Ave,40.75455731,-73.96592976,32231,Subscriber,1997,1,2399
2019/05/01 13:08:09,2019/05/01 13:16:46,517,346,Bank St & Hudson St,40.73652889,-74.00618026,380,W 4 St & 7 Ave S,40.73401143,-74.00293877,18363,Subscriber,1962,1,2400
2019/05/01 13:08:47,2019/05/01 13:20:41,714,380,W 4 St & 7 Ave S,40.73401143,-74.00293877,268,Howard St & Centre St,40.71910537,-73.99973337,29806,Subscriber,1986,1,2401
2019/05/01 13:08:48,2019/05/01 13:14:08,319,465,Broadway & W 41 St,40.75513557,-73.98658032,515,W 43 St & 10 Ave,40.76009437,-73.99461843,29161,Subscriber,1983,1,2402
2019/05/01 13:08:50,2019/05/01 13:13:14,264,522,E 51 St & Lexington Ave,40.75714758,-73.97207836,516,E 47 St & 1 Ave,40.75206862,-73.96784384,24956,Subscriber,1959,1,2403
2019/05/01 13:09:49,2019/05/01 13:26:09,980,327,Vesey Pl & River Terrace,40.7153379,-74.01658354,3664,North Moore St & Greenwich St,40.72019521437465,-74.0103006362915,14691,Customer,1976,1,2404
2019/05/01 13:09:51,2019/05/01 13:17:52,480,366,Clinton Ave & Myrtle Ave,40.693261,-73.968896,372,Franklin Ave & Myrtle Ave,40.694546087246025,-73.95801365375519,33420,Subscriber,1993,1,2405
2019/05/01 13:09:54,2019/05/01 13:16:17,382,515,W 43 St & 10 Ave,40.76009437,-73.99461843,523,W 38 St & 8 Ave,40.75466591,-73.99138152,34937,Subscriber,1976,2,2406
2019/05/01 13:09:58,2019/05/01 13:22:33,754,150,E 2 St & Avenue C,40.7208736,-73.98085795,268,Howard St & Centre St,40.71910537,-73.99973337,16864,Subscriber,1990,1,2407
2019/05/01 13:10:00,2019/05/01 13:12:34,154,539,Metropolitan Ave & Bedford Ave,40.71534825,-73.96024116,3093,N 6 St & Bedford Ave,40.71745169,-73.95850939,31538,Subscriber,1989,1,2408
2019/05/01 13:10:02,2019/05/01 13:14:40,277,363,West Thames St,40.70834698,-74.01713445,309,Murray St & West St,40.7149787,-74.013012,20927,Subscriber,1962,1,2409
2019/05/01 13:10:14,2019/05/01 13:16:27,373,309,Murray St & West St,40.7149787,-74.013012,363,West Thames St,40.70834698,-74.01713445,17036,Subscriber,1985,1,2410
2019/05/01 13:10:39,2019/05/01 13:17:01,381,3733,Avenue C & E 18 St,40.730563,-73.973984,326,E 11 St & 1 Ave,40.72953837,-73.98426726,25043,Subscriber,1979,2,2411
2019/05/01 13:10:58,2019/05/01 13:18:44,466,216,Columbia Heights & Cranberry St,40.70037867,-73.99548059,3440,Fulton St & Adams St,40.692418292578466,-73.98949474096298,25206,Subscriber,1987,1,2412
2019/05/01 13:11:30,2019/05/01 13:14:05,154,79,Franklin St & W Broadway,40.71911552,-74.00666661,257,Lispenard St & Broadway,40.71939226,-74.00247214,31135,Subscriber,1975,1,2413
2019/05/01 13:11:40,2019/05/01 13:24:03,743,3132,E 59 St & Madison Ave,40.76350532,-73.97109243,493,W 45 St & 6 Ave,40.7568001,-73.98291153,29076,Subscriber,1974,2,2414
2019/05/01 13:11:47,2019/05/01 13:34:52,1385,456,E 53 St & Madison Ave,40.7597108,-73.97402311,257,Lispenard St & Broadway,40.71939226,-74.00247214,29748,Subscriber,1972,1,2415
2019/05/01 13:11:49,2019/05/01 13:20:23,513,3365,3 St & 7 Ave,40.6703837,-73.97839676,83,Atlantic Ave & Fort Greene Pl,40.68382604,-73.97632328,18128,Customer,1992,1,2416
2019/05/01 13:11:54,2019/05/01 13:17:20,326,536,1 Ave & E 30 St,40.74144387,-73.97536082,545,E 23 St & 1 Ave,40.736502,-73.97809472,29959,Subscriber,1988,1,2417
2019/05/01 13:12:11,2019/05/01 13:16:11,239,309,Murray St & West St,40.7149787,-74.013012,426,West St & Chambers St,40.71754834,-74.01322069,32321,Subscriber,1968,1,2418
2019/05/01 13:12:22,2019/05/01 13:17:54,332,3093,N 6 St & Bedford Ave,40.71745169,-73.95850939,3112,Milton St & Franklin St,40.72906,-73.95779,15657,Subscriber,1990,2,2419
2019/05/01 13:13:01,2019/05/01 13:35:02,1321,545,E 23 St & 1 Ave,40.736502,-73.97809472,517,Pershing Square South,40.751581,-73.97791,21443,Customer,1977,2,2420
2019/05/01 13:13:10,2019/05/01 13:35:25,1334,545,E 23 St & 1 Ave,40.736502,-73.97809472,517,Pershing Square South,40.751581,-73.97791,16126,Subscriber,1973,1,2421
2019/05/01 13:13:13,2019/05/01 13:27:15,842,2003,1 Ave & E 18 St,40.733812191966315,-73.98054420948029,347,Greenwich St & W Houston St,40.728846,-74.008591,19049,Subscriber,1984,1,2422
2019/05/01 13:13:20,2019/05/01 13:17:22,241,3664,North Moore St & Greenwich St,40.72019521437465,-74.0103006362915,327,Vesey Pl & River Terrace,40.7153379,-74.01658354,34922,Subscriber,1970,1,2423
2019/05/01 13:13:20,2019/05/01 13:19:38,378,346,Bank St & Hudson St,40.73652889,-74.00618026,223,W 13 St & 7 Ave,40.73781509,-73.99994661,26803,Subscriber,1960,0,2424
2019/05/01 13:13:51,2019/05/01 13:23:26,575,257,Lispenard St & Broadway,40.71939226,-74.00247214,346,Bank St & Hudson St,40.73652889,-74.00618026,32012,Subscriber,1976,2,2425
2019/05/01 13:13:52,2019/05/01 13:30:09,976,3169,Riverside Dr & W 82 St,40.78720869,-73.98128127,2021,W 45 St & 8 Ave,40.75929124,-73.98859651,35254,Subscriber,1971,1,2426
2019/05/01 13:14:02,2019/05/01 13:16:56,173,3648,Flushing Ave & Vanderbilt Ave,40.697950315695444,-73.97077560424805,366,Clinton Ave & Myrtle Ave,40.693261,-73.968896,35211,Subscriber,1989,1,2427
2019/05/01 13:14:13,2019/05/01 13:22:46,512,347,Greenwich St & W Houston St,40.728846,-74.008591,309,Murray St & West St,40.7149787,-74.013012,32198,Subscriber,1992,1,2428
2019/05/01 13:14:23,2019/05/01 13:47:51,2007,3223,E 55 St & 3 Ave,40.758996559605116,-73.96865397691727,327,Vesey Pl & River Terrace,40.7153379,-74.01658354,34234,Subscriber,1967,1,2429
2019/05/01 13:14:54,2019/05/01 13:23:07,492,309,Murray St & West St,40.7149787,-74.013012,303,Mercer St & Spring St,40.72362738,-73.99949601,35080,Subscriber,1983,1,2430
2019/05/01 13:15:33,2019/05/01 13:19:25,231,3132,E 59 St & Madison Ave,40.76350532,-73.97109243,305,E 58 St & 3 Ave,40.76095756,-73.96724467,34405,Subscriber,1981,2,2431
2019/05/01 13:16:51,2019/05/01 13:25:38,526,2003,1 Ave & E 18 St,40.733812191966315,-73.98054420948029,3687,E 33 St & 1 Ave,40.74322681432173,-73.97449783980846,30894,Subscriber,1987,1,2432
2019/05/01 13:16:52,2019/05/01 13:21:50,297,309,Murray St & West St,40.7149787,-74.013012,387,Centre St & Chambers St,40.71273266,-74.0046073,33895,Subscriber,1967,1,2433
2019/05/01 13:16:54,2019/05/01 13:21:05,250,545,E 23 St & 1 Ave,40.736502,-73.97809472,491,E 24 St & Park Ave S,40.74096374,-73.98602213,33661,Subscriber,1993,1,2434
2019/05/01 13:17:38,2019/05/01 13:29:55,737,150,E 2 St & Avenue C,40.7208736,-73.98085795,386,Centre St & Worth St,40.71494807,-74.00234482,30621,Subscriber,1979,1,2435
2019/05/01 13:17:49,2019/05/01 13:54:23,2194,285,Broadway & E 14 St,40.73454567,-73.99074142,515,W 43 St & 10 Ave,40.76009437,-73.99461843,30389,Subscriber,1970,2,2436
2019/05/01 13:18:01,2019/05/01 13:27:41,580,120,Lexington Ave & Classon Ave,40.68676793,-73.95928168,3562,Classon Ave & St Marks Ave,40.6765198,-73.9596082,31312,Subscriber,1986,2,2437
2019/05/01 13:18:26,2019/05/01 13:29:58,692,128,MacDougal St & Prince St,40.72710258,-74.00297088,2003,1 Ave & E 18 St,40.733812191966315,-73.98054420948029,17297,Subscriber,1968,1,2438
2019/05/01 13:18:53,2019/05/01 13:21:34,160,3132,E 59 St & Madison Ave,40.76350532,-73.97109243,2023,E 55 St & Lexington Ave,40.75968085,-73.97031366,28678,Subscriber,1993,1,2439
2019/05/01 13:18:57,2019/05/01 13:37:24,1106,533,Broadway & W 38 St,40.75299641,-73.98721619,3697,W 64 St & Thelonious Monk Circle,40.77515953434235,-73.98918695747852,32073,Subscriber,1984,1,2440
2019/05/01 13:19:26,2019/05/01 13:32:02,756,326,E 11 St & 1 Ave,40.72953837,-73.98426726,168,W 18 St & 6 Ave,40.73971301,-73.99456405,31337,Subscriber,1995,1,2441
2019/05/01 13:19:53,2019/05/01 13:28:43,529,3093,N 6 St & Bedford Ave,40.71745169,-73.95850939,3110,Meserole Ave & Manhattan Ave,40.72708584,-73.95299117,28365,Subscriber,1985,1,2442
2019/05/01 13:20:02,2019/05/01 13:26:29,387,327,Vesey Pl & River Terrace,40.7153379,-74.01658354,316,Fulton St & William St,40.70955958,-74.00653609,20746,Subscriber,1975,1,2443
2019/05/01 13:20:02,2019/05/01 14:05:26,2724,3762,3 Ave & Carroll St,40.677027,-73.9865,545,E 23 St & 1 Ave,40.736502,-73.97809472,34135,Subscriber,1969,0,2444
2019/05/01 13:20:06,2019/05/01 13:28:32,505,3165,Central Park West & W 72 St,40.77579376683666,-73.9762057363987,3697,W 64 St & Thelonious Monk Circle,40.77515953434235,-73.98918695747852,15146,Subscriber,1953,1,2445
2019/05/01 13:20:21,2019/05/01 14:01:09,2448,494,W 26 St & 8 Ave,40.74734825,-73.99723551,268,Howard St & Centre St,40.71910537,-73.99973337,34346,Subscriber,1959,1,2446
2019/05/01 13:20:32,2019/05/01 13:42:42,1330,291,Madison St & Montgomery St,40.713126,-73.984844,257,Lispenard St & Broadway,40.71939226,-74.00247214,15892,Subscriber,1990,1,2447
2019/05/01 13:20:34,2019/05/01 13:23:52,198,522,E 51 St & Lexington Ave,40.75714758,-73.97207836,3223,E 55 St & 3 Ave,40.758996559605116,-73.96865397691727,29752,Subscriber,1960,1,2448
2019/05/01 13:20:49,2019/05/01 13:28:48,478,307,Canal St & Rutgers St,40.71427487,-73.98990025,150,E 2 St & Avenue C,40.7208736,-73.98085795,21710,Subscriber,1956,2,2449
2019/05/01 13:20:59,2019/05/01 13:24:23,203,346,Bank St & Hudson St,40.73652889,-74.00618026,284,Greenwich Ave & 8 Ave,40.7390169121,-74.0026376103,31199,Subscriber,1993,1,2450
2019/05/01 13:21:17,2019/05/01 13:25:08,231,3427,Lafayette St & Jersey St,40.72430527250332,-73.99600982666016,268,Howard St & Centre St,40.71910537,-73.99973337,34187,Subscriber,1991,1,2451
2019/05/01 13:21:32,2019/05/01 13:31:48,615,335,Washington Pl & Broadway,40.72903917,-73.99404649,150,E 2 St & Avenue C,40.7208736,-73.98085795,28907,Customer,1969,0,2452
2019/05/01 13:22:12,2019/05/01 13:53:38,1885,3093,N 6 St & Bedford Ave,40.71745169,-73.95850939,3142,1 Ave & E 62 St,40.7612274,-73.96094022,31538,Subscriber,1989,1,2453
2019/05/01 13:22:13,2019/05/01 13:25:33,199,410,Suffolk St & Stanton St,40.72066442,-73.98517977,473,Rivington St & Chrystie St,40.72110063,-73.9919254,20797,Subscriber,1991,1,2454
2019/05/01 13:22:19,2019/05/01 13:30:11,472,545,E 23 St & 1 Ave,40.736502,-73.97809472,317,E 6 St & Avenue B,40.72453734,-73.98185424,29959,Subscriber,1990,1,2455
2019/05/01 13:22:28,2019/05/01 13:30:29,481,515,W 43 St & 10 Ave,40.76009437,-73.99461843,3680,E 43 St & 5 Ave,40.754120810779256,-73.98025184869766,32214,Customer,1965,1,2456
2019/05/01 13:22:31,2019/05/01 13:26:10,219,545,E 23 St & 1 Ave,40.736502,-73.97809472,528,2 Ave & E 31 St,40.74290902,-73.97706058,27655,Subscriber,1989,1,2457
2019/05/01 13:22:31,2019/05/01 13:43:53,1282,525,W 34 St & 11 Ave,40.75594159,-74.0021163,327,Vesey Pl & River Terrace,40.7153379,-74.01658354,30474,Subscriber,1988,1,2458
2019/05/01 13:23:19,2019/05/01 13:34:58,698,268,Howard St & Centre St,40.71910537,-73.99973337,383,Greenwich Ave & Charles St,40.735238,-74.000271,35129,Subscriber,1975,1,2459
2019/05/01 13:23:20,2019/05/01 14:11:22,2881,410,Suffolk St & Stanton St,40.72066442,-73.98517977,410,Suffolk St & Stanton St,40.72066442,-73.98517977,34267,Subscriber,1959,1,2460
2019/05/01 13:23:30,2019/05/01 13:37:09,819,150,E 2 St & Avenue C,40.7208736,-73.98085795,503,E 20 St & Park Ave,40.73827428,-73.98751968,14869,Subscriber,1995,2,2461
2019/05/01 13:24:13,2019/05/01 13:38:40,867,309,Murray St & West St,40.7149787,-74.013012,3737,Stanton St & Norfolk St,40.720747,-73.986274,27728,Subscriber,1992,1,2462
2019/05/01 13:24:20,2019/05/01 13:46:17,1316,545,E 23 St & 1 Ave,40.736502,-73.97809472,2012,E 27 St & 1 Ave,40.739445,-73.976806,33116,Subscriber,1988,1,2463
2019/05/01 13:25:01,2019/05/01 13:34:59,598,438,St Marks Pl & 1 Ave,40.72779126,-73.98564945,268,Howard St & Centre St,40.71910537,-73.99973337,27800,Subscriber,1986,1,2464
2019/05/01 13:25:04,2019/05/01 13:33:36,511,150,E 2 St & Avenue C,40.7208736,-73.98085795,128,MacDougal St & Prince St,40.72710258,-74.00297088,29775,Subscriber,1994,1,2465
2019/05/01 13:25:07,2019/05/01 13:55:41,1833,2021,W 45 St & 8 Ave,40.75929124,-73.98859651,268,Howard St & Centre St,40.71910537,-73.99973337,27463,Subscriber,1985,0,2466
2019/05/01 13:25:09,2019/05/01 13:28:54,225,438,St Marks Pl & 1 Ave,40.72779126,-73.98564945,2003,1 Ave & E 18 St,40.733812191966315,-73.98054420948029,19726,Subscriber,1972,1,2467
2019/05/01 13:25:34,2019/05/01 13:30:06,271,257,Lispenard St & Broadway,40.71939226,-74.00247214,3690,Park Pl & Church St,40.71334184275907,-74.00935515761375,20739,Subscriber,1976,1,2468
2019/05/01 13:25:46,2019/05/01 13:33:52,485,524,W 43 St & 6 Ave,40.75527307,-73.98316936,522,E 51 St & Lexington Ave,40.75714758,-73.97207836,28646,Subscriber,1979,1,2469
2019/05/01 13:25:55,2019/05/01 13:33:53,477,305,E 58 St & 3 Ave,40.76095756,-73.96724467,3140,1 Ave & E 78 St,40.77140426,-73.9535166,17123,Subscriber,1972,1,2470
2019/05/01 13:26:12,2019/05/01 13:46:35,1222,323,Lawrence St & Willoughby St,40.69236178,-73.98631746,3440,Fulton St & Adams St,40.692418292578466,-73.98949474096298,30362,Subscriber,1993,1,2471
2019/05/01 13:26:13,2019/05/01 13:37:46,693,3396,Clinton St & 4 Place,40.6783563,-74.00014502,3440,Fulton St & Adams St,40.692418292578466,-73.98949474096298,18325,Subscriber,1993,2,2472
2019/05/01 13:26:17,2019/05/01 13:32:49,392,3724,7 Ave & Central Park South,40.7667405590595,-73.9790689945221,3132,E 59 St & Madison Ave,40.76350532,-73.97109243,18238,Subscriber,1994,2,2473
2019/05/01 13:26:23,2019/05/01 13:31:58,335,173,Broadway & W 49 St,40.76068327096592,-73.9845272898674,515,W 43 St & 10 Ave,40.76009437,-73.99461843,35350,Subscriber,1969,1,2474
2019/05/01 13:27:01,2019/05/01 13:28:44,103,326,E 11 St & 1 Ave,40.72953837,-73.98426726,3711,E 13 St & Avenue A,40.72966729392978,-73.98067966103554,25043,Subscriber,1998,1,2475
2019/05/01 13:27:17,2019/05/01 13:32:20,303,309,Murray St & West St,40.7149787,-74.013012,363,West Thames St,40.70834698,-74.01713445,16657,Subscriber,1962,1,2476
2019/05/01 13:27:29,2019/05/01 13:29:41,132,366,Clinton Ave & Myrtle Ave,40.693261,-73.968896,3648,Flushing Ave & Vanderbilt Ave,40.697950315695444,-73.97077560424805,35211,Subscriber,1987,1,2477
2019/05/01 13:27:43,2019/05/01 14:04:41,2217,453,W 22 St & 8 Ave,40.74475148,-73.99915362,3472,W 15 St & 10 Ave,40.742753828659026,-74.00747358798981,32642,Subscriber,1975,1,2478
2019/05/01 13:27:45,2019/05/01 13:49:24,1298,316,Fulton St & William St,40.70955958,-74.00653609,346,Bank St & Hudson St,40.73652889,-74.00618026,33058,Subscriber,1986,1,2479
2019/05/01 13:28:21,2019/05/01 13:30:59,158,456,E 53 St & Madison Ave,40.7597108,-73.97402311,3132,E 59 St & Madison Ave,40.76350532,-73.97109243,34271,Subscriber,1985,1,2480
2019/05/01 13:28:26,2019/05/01 13:32:22,235,3733,Avenue C & E 18 St,40.730563,-73.973984,545,E 23 St & 1 Ave,40.736502,-73.97809472,26881,Subscriber,1994,1,2481
2019/05/01 13:28:37,2019/05/01 13:36:19,462,515,W 43 St & 10 Ave,40.76009437,-73.99461843,484,W 44 St & 5 Ave,40.75500254,-73.98014437,30223,Subscriber,1957,1,2482
2019/05/01 13:28:39,2019/05/01 13:35:48,428,346,Bank St & Hudson St,40.73652889,-74.00618026,285,Broadway & E 14 St,40.73454567,-73.99074142,32012,Subscriber,1979,2,2483
2019/05/01 13:28:42,2019/05/01 13:31:47,184,257,Lispenard St & Broadway,40.71939226,-74.00247214,3746,6 Ave & Broome St,40.724308321602166,-74.00473035871983,35149,Subscriber,1983,1,2484
2019/05/01 13:28:47,2019/05/01 13:32:58,250,3440,Fulton St & Adams St,40.692418292578466,-73.98949474096298,391,Clark St & Henry St,40.69760127,-73.99344559,30833,Subscriber,1984,1,2485
2019/05/01 13:29:16,2019/05/01 13:38:28,551,3697,W 64 St & Thelonious Monk Circle,40.77515953434235,-73.98918695747852,3132,E 59 St & Madison Ave,40.76350532,-73.97109243,32514,Subscriber,1981,1,2486
2019/05/01 13:29:18,2019/05/01 13:40:19,660,346,Bank St & Hudson St,40.73652889,-74.00618026,257,Lispenard St & Broadway,40.71939226,-74.00247214,28872,Subscriber,1976,2,2487
2019/05/01 13:29:36,2019/05/01 13:42:25,768,380,W 4 St & 7 Ave S,40.73401143,-74.00293877,327,Vesey Pl & River Terrace,40.7153379,-74.01658354,33143,Subscriber,1965,1,2488
2019/05/01 13:29:43,2019/05/01 13:53:37,1434,309,Murray St & West St,40.7149787,-74.013012,426,West St & Chambers St,40.71754834,-74.01322069,27623,Subscriber,1973,1,2489
2019/05/01 13:30:34,2019/05/01 13:50:40,1206,515,W 43 St & 10 Ave,40.76009437,-73.99461843,426,West St & Chambers St,40.71754834,-74.01322069,32927,Subscriber,1960,2,2490
2019/05/01 13:30:37,2019/05/01 13:48:35,1078,522,E 51 St & Lexington Ave,40.75714758,-73.97207836,3255,8 Ave & W 31 St,40.7505853470215,-73.9946848154068,34976,Customer,1990,1,2491
2019/05/01 13:30:39,2019/05/01 13:48:27,1068,522,E 51 St & Lexington Ave,40.75714758,-73.97207836,3255,8 Ave & W 31 St,40.7505853470215,-73.9946848154068,25812,Subscriber,1991,1,2492
2019/05/01 13:31:06,2019/05/01 13:36:17,310,268,Howard St & Centre St,40.71910537,-73.99973337,251,Mott St & Prince St,40.72317958,-73.99480012,19598,Subscriber,1986,1,2493
2019/05/01 13:31:21,2019/05/01 14:00:22,1740,462,W 22 St & 10 Ave,40.74691959,-74.00451887,3169,Riverside Dr & W 82 St,40.78720869,-73.98128127,27775,Subscriber,1998,2,2494
2019/05/01 13:31:28,2019/05/01 13:42:56,688,459,W 20 St & 11 Ave,40.746745,-74.007756,346,Bank St & Hudson St,40.73652889,-74.00618026,34217,Subscriber,1989,1,2495
2019/05/01 13:31:48,2019/05/01 13:39:52,484,3562,Classon Ave & St Marks Ave,40.6765198,-73.9596082,3361,Carroll St & 6 Ave,40.6740886,-73.9787282,31312,Subscriber,1993,1,2496
2019/05/01 13:32:13,2019/05/01 13:35:18,185,3101,N 12 St & Bedford Ave,40.72079821,-73.95484712,3093,N 6 St & Bedford Ave,40.71745169,-73.95850939,28569,Customer,1968,1,2497
2019/05/01 13:32:15,2019/05/01 13:37:20,304,150,E 2 St & Avenue C,40.7208736,-73.98085795,3737,Stanton St & Norfolk St,40.720747,-73.986274,28907,Subscriber,1984,1,2498
2019/05/01 13:32:22,2019/05/01 13:34:52,150,164,E 47 St & 2 Ave,40.75323098,-73.97032517,522,E 51 St & Lexington Ave,40.75714758,-73.97207836,31543,Subscriber,1978,1,2499
2019/05/01 13:32:31,2019/05/01 13:48:26,955,346,Bank St & Hudson St,40.73652889,-74.00618026,387,Centre St & Chambers St,40.71273266,-74.0046073,20086,Subscriber,1957,1,2500
2019/05/01 13:32:51,2019/05/01 13:37:23,271,257,Lispenard St & Broadway,40.71939226,-74.00247214,319,Fulton St & Broadway,40.711066,-74.009447,29737,Subscriber,1995,1,2501
2019/05/01 13:33:37,2019/05/01 13:42:38,541,447,8 Ave & W 52 St,40.76370739,-73.9851615,3132,E 59 St & Madison Ave,40.76350532,-73.97109243,26363,Subscriber,1981,1,2502
2019/05/01 13:33:49,2019/05/01 13:41:03,434,3315,Henry St & Degraw St,40.6847514,-73.99917254,3440,Fulton St & Adams St,40.692418292578466,-73.98949474096298,21643,Subscriber,1969,1,2503
2019/05/01 13:34:11,2019/05/01 14:09:40,2128,438,St Marks Pl & 1 Ave,40.72779126,-73.98564945,3132,E 59 St & Madison Ave,40.76350532,-73.97109243,33554,Subscriber,1979,1,2504
2019/05/01 13:34:14,2019/05/01 13:44:30,616,3549,Grand Ave & Bergen St,40.678045,-73.962408,366,Clinton Ave & Myrtle Ave,40.693261,-73.968896,27573,Subscriber,1983,2,2505
2019/05/01 13:34:41,2019/05/01 13:42:20,459,496,E 16 St & 5 Ave,40.73726186,-73.99238967,2003,1 Ave & E 18 St,40.733812191966315,-73.98054420948029,32420,Subscriber,1946,1,2506
2019/05/01 13:34:44,2019/05/01 13:38:26,221,3093,N 6 St & Bedford Ave,40.71745169,-73.95850939,3668,Leonard St & Nassau Ave,40.7239567849954,-73.94984364509583,26859,Subscriber,1979,1,2507
2019/05/01 13:34:50,2019/05/01 13:42:51,481,3132,E 59 St & Madison Ave,40.76350532,-73.97109243,3233,E 48 St & 5 Ave,40.75724567911726,-73.97805914282799,34412,Subscriber,1991,2,2508
2019/05/01 13:34:53,2019/05/01 13:41:09,375,513,W 56 St & 10 Ave,40.768254,-73.988639,3697,W 64 St & Thelonious Monk Circle,40.77515953434235,-73.98918695747852,29009,Subscriber,1959,2,2509
2019/05/01 13:34:57,2019/05/01 13:41:32,395,545,E 23 St & 1 Ave,40.736502,-73.97809472,518,E 39 St & 2 Ave,40.74780373,-73.9734419,32852,Subscriber,1975,1,2510
2019/05/01 13:35:36,2019/05/01 13:50:34,897,545,E 23 St & 1 Ave,40.736502,-73.97809472,523,W 38 St & 8 Ave,40.75466591,-73.99138152,34205,Subscriber,1981,1,2511
2019/05/01 13:35:58,2019/05/01 13:42:00,362,251,Mott St & Prince St,40.72317958,-73.99480012,326,E 11 St & 1 Ave,40.72953837,-73.98426726,21036,Subscriber,1986,1,2512
2019/05/01 13:36:08,2019/05/01 13:50:58,890,3140,1 Ave & E 78 St,40.77140426,-73.9535166,456,E 53 St & Madison Ave,40.7597108,-73.97402311,17123,Subscriber,1979,1,2513
2019/05/01 13:36:16,2019/05/01 13:40:23,246,507,E 25 St & 2 Ave,40.73912601,-73.97973776,2003,1 Ave & E 18 St,40.733812191966315,-73.98054420948029,31397,Subscriber,1984,1,2514
2019/05/01 13:36:25,2019/05/01 14:21:47,2722,545,E 23 St & 1 Ave,40.736502,-73.97809472,310,State St & Smith St,40.68926942,-73.98912867,17249,Subscriber,1976,1,2515
2019/05/01 13:36:26,2019/05/01 13:38:47,140,504,1 Ave & E 16 St,40.73221853,-73.98165557,545,E 23 St & 1 Ave,40.736502,-73.97809472,32000,Subscriber,1994,1,2516
2019/05/01 13:37:12,2019/05/01 13:47:52,639,346,Bank St & Hudson St,40.73652889,-74.00618026,497,E 17 St & Broadway,40.73704984,-73.99009296,31534,Subscriber,1984,1,2517
2019/05/01 13:37:40,2019/05/01 13:48:17,636,3440,Fulton St & Adams St,40.692418292578466,-73.98949474096298,314,Cadman Plaza West & Montague St,40.69383,-73.990539,31853,Subscriber,1978,1,2518
2019/05/01 13:38:03,2019/05/01 14:36:43,3520,3119,Vernon Blvd & 50 Ave,40.74232744,-73.95411749,3317,10 St & 5 Ave,40.6686273,-73.98700053,19635,Customer,1980,1,2519
2019/05/01 13:38:12,2019/05/01 13:43:01,288,265,Stanton St & Chrystie St,40.72229346,-73.99147535,326,E 11 St & 1 Ave,40.72953837,-73.98426726,32654,Subscriber,1973,1,2520
2019/05/01 13:38:28,2019/05/01 13:44:15,346,3137,5 Ave & E 73 St,40.77282817,-73.96685276,3132,E 59 St & Madison Ave,40.76350532,-73.97109243,32690,Subscriber,1986,1,2521
2019/05/01 13:38:38,2019/05/01 13:42:28,229,450,W 49 St & 8 Ave,40.76227205,-73.98788205,515,W 43 St & 10 Ave,40.76009437,-73.99461843,31230,Subscriber,1970,1,2522
2019/05/01 13:39:17,2019/05/01 13:48:10,532,359,E 47 St & Park Ave,40.75510267,-73.97498696,3132,E 59 St & Madison Ave,40.76350532,-73.97109243,35318,Subscriber,1961,1,2523
2019/05/01 13:39:17,2019/05/01 13:56:31,1033,3364,Carroll St & 5 Ave,40.6751622,-73.9814832,3562,Classon Ave & St Marks Ave,40.6765198,-73.9596082,33071,Subscriber,1988,1,2524
2019/05/01 13:39:59,2019/05/01 13:54:22,862,545,E 23 St & 1 Ave,40.736502,-73.97809472,524,W 43 St & 6 Ave,40.75527307,-73.98316936,26881,Subscriber,1978,1,2525
2019/05/01 13:40:08,2019/05/01 13:51:49,700,468,Broadway & W 56 St,40.7652654,-73.98192338,3132,E 59 St & Madison Ave,40.76350532,-73.97109243,21017,Subscriber,1963,1,2526
2019/05/01 13:40:13,2019/05/01 13:59:38,1164,515,W 43 St & 10 Ave,40.76009437,-73.99461843,3233,E 48 St & 5 Ave,40.75724567911726,-73.97805914282799,35350,Subscriber,1985,2,2527
2019/05/01 13:40:14,2019/05/01 13:54:44,870,383,Greenwich Ave & Charles St,40.735238,-74.000271,327,Vesey Pl & River Terrace,40.7153379,-74.01658354,35385,Subscriber,1980,1,2528
2019/05/01 13:40:29,2019/05/01 14:00:10,1181,545,E 23 St & 1 Ave,40.736502,-73.97809472,447,8 Ave & W 52 St,40.76370739,-73.9851615,19535,Subscriber,1995,1,2529
2019/05/01 13:41:05,2019/05/01 14:03:16,1331,257,Lispenard St & Broadway,40.71939226,-74.00247214,350,Clinton St & Grand St,40.71559509,-73.9870295,33421,Subscriber,1948,1,2530
2019/05/01 13:41:32,2019/05/01 13:48:18,406,3093,N 6 St & Bedford Ave,40.71745169,-73.95850939,3430,Richardson St & N Henry St,40.71907891179564,-73.94223690032959,33027,Subscriber,1989,1,2531
2019/05/01 13:41:40,2019/05/01 14:08:56,1635,3697,W 64 St & Thelonious Monk Circle,40.77515953434235,-73.98918695747852,346,Bank St & Hudson St,40.73652889,-74.00618026,32073,Subscriber,1988,1,2532
2019/05/01 13:42:11,2019/05/01 13:44:22,130,268,Howard St & Centre St,40.71910537,-73.99973337,3435,Grand St & Elizabeth St,40.718822,-73.99596,28013,Subscriber,1959,1,2533
2019/05/01 13:42:22,2019/05/01 13:44:10,107,257,Lispenard St & Broadway,40.71939226,-74.00247214,320,Leonard St & Church St,40.717571,-74.005549,28872,Subscriber,1970,1,2534
2019/05/01 13:42:35,2019/05/01 13:45:08,152,366,Clinton Ave & Myrtle Ave,40.693261,-73.968896,343,Clinton Ave & Flushing Ave,40.69794,-73.96986848,25288,Subscriber,1989,1,2535
2019/05/01 13:42:35,2019/05/01 13:52:42,607,3440,Fulton St & Adams St,40.692418292578466,-73.98949474096298,3417,Baltic St & 5 Ave,40.6795766,-73.97854971,25203,Subscriber,1965,1,2536
2019/05/01 13:42:44,2019/05/01 13:51:27,522,499,Broadway & W 60 St,40.76915505,-73.98191841,515,W 43 St & 10 Ave,40.76009437,-73.99461843,32434,Subscriber,1998,2,2537
2019/05/01 13:42:48,2019/05/01 14:08:28,1540,461,E 20 St & 2 Ave,40.73587678,-73.98205027,327,Vesey Pl & River Terrace,40.7153379,-74.01658354,20577,Customer,1987,1,2538
2019/05/01 13:43:07,2019/05/01 14:30:49,2861,268,Howard St & Centre St,40.71910537,-73.99973337,3163,Central Park West & W 68 St,40.7734066,-73.97782542,20130,Subscriber,1967,1,2539
2019/05/01 13:43:49,2019/05/01 13:59:43,953,3440,Fulton St & Adams St,40.692418292578466,-73.98949474096298,376,John St & William St,40.70862144,-74.00722156,33606,Subscriber,1957,1,2540
2019/05/01 13:44:13,2019/05/01 13:49:50,337,257,Lispenard St & Broadway,40.71939226,-74.00247214,3427,Lafayette St & Jersey St,40.72430527250332,-73.99600982666016,29062,Subscriber,1986,1,2541
2019/05/01 13:44:19,2019/05/01 14:16:13,1914,339,Avenue D & E 12 St,40.72580614,-73.97422494,327,Vesey Pl & River Terrace,40.7153379,-74.01658354,32748,Subscriber,1968,1,2542
2019/05/01 13:44:23,2019/05/01 14:09:06,1482,3440,Fulton St & Adams St,40.692418292578466,-73.98949474096298,410,Suffolk St & Stanton St,40.72066442,-73.98517977,20168,Subscriber,1993,2,2543
2019/05/01 13:44:51,2019/05/01 13:49:14,263,285,Broadway & E 14 St,40.73454567,-73.99074142,326,E 11 St & 1 Ave,40.72953837,-73.98426726,33950,Subscriber,1964,1,2544
2019/05/01 13:46:01,2019/05/01 13:50:06,245,454,E 51 St & 1 Ave,40.75455731,-73.96592976,522,E 51 St & Lexington Ave,40.75714758,-73.97207836,28226,Subscriber,1991,2,2545
2019/05/01 13:46:01,2019/05/01 13:55:21,559,526,E 33 St & 5 Ave,40.74765947,-73.98490707,522,E 51 St & Lexington Ave,40.75714758,-73.97207836,30302,Customer,1972,1,2546
2019/05/01 13:46:02,2019/05/01 13:55:26,563,545,E 23 St & 1 Ave,40.736502,-73.97809472,229,Great Jones St,40.72743423,-73.99379025,32000,Subscriber,1976,1,2547
2019/05/01 13:46:05,2019/05/01 13:50:33,267,363,West Thames St,40.70834698,-74.01713445,327,Vesey Pl & River Terrace,40.7153379,-74.01658354,34314,Customer,1981,1,2548
2019/05/01 13:46:36,2019/05/01 13:55:12,515,337,Old Slip & Front St,40.7037992,-74.00838676,257,Lispenard St & Broadway,40.71939226,-74.00247214,26710,Subscriber,1976,1,2549
2019/05/01 13:46:50,2019/05/01 13:53:56,425,2003,1 Ave & E 18 St,40.733812191966315,-73.98054420948029,285,Broadway & E 14 St,40.73454567,-73.99074142,31397,Subscriber,1953,1,2550
2019/05/01 13:46:51,2019/05/01 13:52:36,344,522,E 51 St & Lexington Ave,40.75714758,-73.97207836,517,Pershing Square South,40.751581,-73.97791,21390,Subscriber,1964,2,2551
2019/05/01 13:46:58,2019/05/01 13:56:12,553,257,Lispenard St & Broadway,40.71939226,-74.00247214,248,Laight St & Hudson St,40.72185379,-74.00771779,15570,Subscriber,1980,1,2552
2019/05/01 13:47:03,2019/05/01 13:56:20,556,285,Broadway & E 14 St,40.73454567,-73.99074142,268,Howard St & Centre St,40.71910537,-73.99973337,30001,Subscriber,1955,1,2553
2019/05/01 13:47:16,2019/05/01 13:56:50,573,3116,Huron St & Franklin St,40.73266,-73.95826,3119,Vernon Blvd & 50 Ave,40.74232744,-73.95411749,34113,Subscriber,1967,1,2554
2019/05/01 13:47:33,2019/05/01 13:53:09,335,3106,Driggs Ave & N Henry St,40.72325,-73.94308,3093,N 6 St & Bedford Ave,40.71745169,-73.95850939,31031,Subscriber,1996,2,2555
2019/05/01 13:47:48,2019/05/01 13:59:22,694,327,Vesey Pl & River Terrace,40.7153379,-74.01658354,427,Bus Slip & State St,40.701907,-74.013942,30474,Subscriber,1956,1,2556
2019/05/01 13:48:11,2019/05/01 13:51:56,225,257,Lispenard St & Broadway,40.71939226,-74.00247214,328,Watts St & Greenwich St,40.72405549,-74.00965965,29748,Subscriber,1945,1,2557
2019/05/01 13:48:30,2019/05/01 14:02:58,867,325,E 19 St & 3 Ave,40.73624527,-73.98473765,309,Murray St & West St,40.7149787,-74.013012,30595,Subscriber,1982,1,2558
2019/05/01 13:48:39,2019/05/01 13:55:48,428,3362,Madison Ave & E 82 St,40.7781314,-73.96069399,3151,E 81 St & York Ave,40.7728384,-73.94989233,15845,Subscriber,1965,2,2559
2019/05/01 13:48:39,2019/05/01 14:16:19,1659,515,W 43 St & 10 Ave,40.76009437,-73.99461843,173,Broadway & W 49 St,40.76068327096592,-73.9845272898674,27754,Subscriber,1969,1,2560
2019/05/01 13:48:44,2019/05/01 13:50:42,117,260,Broad St & Bridge St,40.70365182,-74.01167797,304,Broadway & Battery Pl,40.70463334,-74.01361706,32337,Subscriber,1982,2,2561
2019/05/01 13:48:47,2019/05/01 13:53:03,255,309,Murray St & West St,40.7149787,-74.013012,320,Leonard St & Church St,40.717571,-74.005549,20825,Subscriber,1982,1,2562
2019/05/01 13:49:34,2019/05/01 13:55:12,338,522,E 51 St & Lexington Ave,40.75714758,-73.97207836,2017,E 43 St & 2 Ave,40.75022392,-73.97121414,31543,Subscriber,1978,1,2563
2019/05/01 13:49:34,2019/05/01 13:59:13,579,3697,W 64 St & Thelonious Monk Circle,40.77515953434235,-73.98918695747852,3172,W 74 St & Columbus Ave,40.7785669,-73.97754961,15146,Subscriber,1961,1,2564
2019/05/01 13:50:02,2019/05/01 13:59:21,559,128,MacDougal St & Prince St,40.72710258,-74.00297088,257,Lispenard St & Broadway,40.71939226,-74.00247214,34145,Subscriber,1968,2,2565
2019/05/01 13:50:16,2019/05/01 14:11:54,1298,2003,1 Ave & E 18 St,40.733812191966315,-73.98054420948029,3233,E 48 St & 5 Ave,40.75724567911726,-73.97805914282799,32420,Subscriber,1970,1,2566
2019/05/01 13:50:30,2019/05/01 14:34:14,2623,260,Broad St & Bridge St,40.70365182,-74.01167797,3170,W 84 St & Columbus Ave,40.78499979,-73.97283406,35251,Subscriber,1976,1,2567
2019/05/01 13:51:04,2019/05/01 13:59:35,510,327,Vesey Pl & River Terrace,40.7153379,-74.01658354,534,Water - Whitehall Plaza,40.70255065,-74.0127234,34922,Subscriber,1964,1,2568
2019/05/01 13:51:05,2019/05/01 13:57:30,385,468,Broadway & W 56 St,40.7652654,-73.98192338,522,E 51 St & Lexington Ave,40.75714758,-73.97207836,14873,Subscriber,1986,1,2569
2019/05/01 13:51:21,2019/05/01 13:55:25,243,151,Cleveland Pl & Spring St,40.722103786686034,-73.99724900722504,268,Howard St & Centre St,40.71910537,-73.99973337,24960,Subscriber,1967,1,2570
2019/05/01 13:51:40,2019/05/01 14:01:11,571,268,Howard St & Centre St,40.71910537,-73.99973337,438,St Marks Pl & 1 Ave,40.72779126,-73.98564945,26952,Subscriber,1986,1,2571
2019/05/01 13:52:10,2019/05/01 14:24:00,1910,2002,Wythe Ave & Metropolitan Ave,40.716887,-73.963198,346,Bank St & Hudson St,40.73652889,-74.00618026,24977,Subscriber,1991,2,2572
2019/05/01 13:52:23,2019/05/01 14:00:21,478,3132,E 59 St & Madison Ave,40.76350532,-73.97109243,499,Broadway & W 60 St,40.76915505,-73.98191841,32514,Subscriber,1964,1,2573
2019/05/01 13:52:56,2019/05/01 13:59:10,374,3416,7 Ave & Park Pl,40.6776147,-73.97324283,3544,Underhill Ave & Pacific St,40.6804836,-73.9646795,30586,Subscriber,1975,1,2574
2019/05/01 13:53:06,2019/05/01 13:56:51,224,3648,Flushing Ave & Vanderbilt Ave,40.697950315695444,-73.97077560424805,366,Clinton Ave & Myrtle Ave,40.693261,-73.968896,31188,Subscriber,1980,1,2575
2019/05/01 13:53:26,2019/05/01 14:47:04,3218,366,Clinton Ave & Myrtle Ave,40.693261,-73.968896,366,Clinton Ave & Myrtle Ave,40.693261,-73.968896,27573,Subscriber,1984,1,2576
2019/05/01 13:53:31,2019/05/01 13:57:58,267,522,E 51 St & Lexington Ave,40.75714758,-73.97207836,385,E 55 St & 2 Ave,40.75797322,-73.96603308,35239,Subscriber,1974,1,2577
2019/05/01 13:53:43,2019/05/01 14:11:26,1063,522,E 51 St & Lexington Ave,40.75714758,-73.97207836,519,Pershing Square North,40.751873,-73.977706,24996,Subscriber,1976,1,2578
2019/05/01 13:53:57,2019/05/01 13:57:22,205,3690,Park Pl & Church St,40.71334184275907,-74.00935515761375,257,Lispenard St & Broadway,40.71939226,-74.00247214,31487,Subscriber,1980,1,2579
2019/05/01 13:54:17,2019/05/01 13:56:29,131,426,West St & Chambers St,40.71754834,-74.01322069,309,Murray St & West St,40.7149787,-74.013012,27623,Subscriber,1973,1,2580
2019/05/01 13:54:42,2019/05/01 14:01:47,424,3093,N 6 St & Bedford Ave,40.71745169,-73.95850939,3112,Milton St & Franklin St,40.72906,-73.95779,31031,Subscriber,1979,1,2581
2019/05/01 13:54:44,2019/05/01 13:58:35,231,390,Duffield St & Willoughby St,40.69221589,-73.9842844,3440,Fulton St & Adams St,40.692418292578466,-73.98949474096298,29988,Subscriber,1968,2,2582
2019/05/01 13:54:48,2019/05/01 14:25:20,1832,3119,Vernon Blvd & 50 Ave,40.74232744,-73.95411749,3140,1 Ave & E 78 St,40.77140426,-73.9535166,33334,Subscriber,1982,1,2583
2019/05/01 13:54:59,2019/05/01 14:03:27,507,545,E 23 St & 1 Ave,40.736502,-73.97809472,519,Pershing Square North,40.751873,-73.977706,30427,Subscriber,1981,1,2584
2019/05/01 13:55:24,2019/05/01 14:24:06,1721,327,Vesey Pl & River Terrace,40.7153379,-74.01658354,2021,W 45 St & 8 Ave,40.75929124,-73.98859651,25713,Customer,1982,1,2585
2019/05/01 13:56:05,2019/05/01 14:22:44,1598,257,Lispenard St & Broadway,40.71939226,-74.00247214,518,E 39 St & 2 Ave,40.74780373,-73.9734419,15892,Customer,1969,0,2586
2019/05/01 13:56:17,2019/05/01 13:59:37,200,3093,N 6 St & Bedford Ave,40.71745169,-73.95850939,3016,Kent Ave & N 7 St,40.72036775298455,-73.96165072917938,28569,Subscriber,1977,1,2587
2019/05/01 13:56:41,2019/05/01 14:00:59,257,327,Vesey Pl & River Terrace,40.7153379,-74.01658354,3664,North Moore St & Greenwich St,40.72019521437465,-74.0103006362915,31999,Subscriber,1970,1,2588
2019/05/01 13:57:00,2019/05/01 13:58:52,112,3440,Fulton St & Adams St,40.692418292578466,-73.98949474096298,3402,Court St & State St,40.6902375,-73.99203074,28893,Subscriber,1958,2,2589
2019/05/01 13:57:23,2019/05/01 14:02:46,322,499,Broadway & W 60 St,40.76915505,-73.98191841,3697,W 64 St & Thelonious Monk Circle,40.77515953434235,-73.98918695747852,35011,Subscriber,1990,1,2590
2019/05/01 13:57:34,2019/05/01 14:04:51,437,262,Washington Park,40.6917823,-73.9737299,3440,Fulton St & Adams St,40.692418292578466,-73.98949474096298,17011,Subscriber,1975,2,2591
2019/05/01 13:57:54,2019/05/01 14:00:33,158,545,E 23 St & 1 Ave,40.736502,-73.97809472,487,E 20 St & FDR Drive,40.73314259,-73.97573881,33409,Subscriber,1989,1,2592
2019/05/01 13:58:00,2019/05/01 14:02:47,287,3093,N 6 St & Bedford Ave,40.71745169,-73.95850939,3105,N 15 St & Wythe Ave,40.724055,-73.955736,28465,Subscriber,1981,2,2593
2019/05/01 13:58:19,2019/05/01 14:13:30,911,3697,W 64 St & Thelonious Monk Circle,40.77515953434235,-73.98918695747852,3328,W 100 St & Manhattan Ave,40.795,-73.9645,29009,Subscriber,1987,1,2594
2019/05/01 13:58:46,2019/05/01 14:07:31,525,3141,1 Ave & E 68 St,40.76500525,-73.95818491,522,E 51 St & Lexington Ave,40.75714758,-73.97207836,31209,Subscriber,1991,1,2595
2019/05/01 13:59:32,2019/05/01 14:20:34,1262,327,Vesey Pl & River Terrace,40.7153379,-74.01658354,519,Pershing Square North,40.751873,-73.977706,34314,Subscriber,1970,1,2596
2019/05/01 13:59:35,2019/05/01 14:09:17,582,268,Howard St & Centre St,40.71910537,-73.99973337,317,E 6 St & Avenue B,40.72453734,-73.98185424,33863,Subscriber,1989,2,2597
2019/05/01 13:59:59,2019/05/01 14:04:09,249,317,E 6 St & Avenue B,40.72453734,-73.98185424,326,E 11 St & 1 Ave,40.72953837,-73.98426726,19351,Subscriber,1956,1,2598
